,t0,t1,t2,t3,t4,t5,t6,t7,t8,t9,t10,t11,t12,t13,t14,t15,t16,t17,t18,t19,t20,t21,t22,t23,t24,t25,t26,t27,t28,t29,t30,t31,t32,t33,t34,t35,t36,t37,t38,t39,t40,t41,t42,t43,t44,t45,t46,t47,t48,t49,t50,t51,t52,t53,t54,t55,t56,t57,t58,t59,t60,t61,t62,t63,t64,t65,t66,t67,t68,t69,t70,t71,t72,t73,t74,t75,t76,t77,t78,t79,t80,t81,t82,t83,t84,t85,t86,t87,t88,t89,t90,t91,t92,t93,t94,t95,t96,t97,t98,t99,t100,t101,t102,t103,t104,t105,t106,t107,t108,t109
0,78,80,75,71,73,76,75,91,80,90,71,88,73,82,92,67,73,65,89,77,86,86,86,77,69,87,84,68,79,86,88,100,113,93,88,88,113,86,89,88,109,101,104,94,85,107,81,105,114,88,91,92,113,83,105,100,71,84,84,80,83,102,83,83,90,75,86,79,77,67,70,79,62,72,73,71,76,80,74,79,99,78,72,84,86,73,82,77,69,70,73,72,64,65,96,86,89,86,85,82,95,70,69,86,83,110,69,93,74,78
1,72,69,89,92,81,101,83,91,88,91,92,86,72,73,92,101,85,85,83,67,87,71,75,77,68,57,85,70,85,81,71,87,63,78,70,94,61,68,83,89,79,82,70,83,71,83,70,86,77,56,74,82,72,71,77,79,84,79,79,71,59,83,81,87,94,90,93,71,78,82,78,81,77,69,69,96,81,73,75,73,81,82,97,78,56,64,68,58,73,73,70,68,64,67,67,74,78,68,74,76,83,72,69,79,83,80,90,72,78,94
2,80,76,74,72,68,72,67,87,78,67,84,78,80,66,68,78,69,80,74,77,75,72,71,59,81,59,79,51,80,56,67,66,63,68,72,65,63,68,68,60,68,69,72,76,75,89,68,66,84,80,74,81,69,78,99,76,83,84,85,69,78,71,69,71,87,79,78,78,77,83,98,83,91,84,91,85,91,111,100,98,90,92,82,99,84,100,88,103,84,77,81,86,86,66,89,77,85,94,91,94,82,75,91,76,69,87,71,80,71,65
3,89,96,91,91,79,82,98,89,87,85,103,109,108,96,81,100,96,102,98,97,112,84,85,74,95,85,107,95,107,88,91,89,88,84,96,79,84,82,87,79,98,80,97,94,87,90,85,104,90,101,93,89,98,103,98,109,106,100,105,110,102,100,85,120,108,87,98,108,92,105,109,99,100,113,103,132,109,94,99,109,94,111,88,91,102,115,92,105,80,89,86,86,79,100,111,74,121,98,81,91,78,94,80,79,96,96,84,96,87,94
4,120,99,110,105,89,102,99,97,102,85,87,115,105,101,86,100,105,87,88,93,99,79,86,83,88,95,69,78,82,90,71,81,88,78,77,85,84,76,89,87,81,78,71,80,76,94,75,75,91,79,105,101,85,100,92,82,75,109,89,70,67,80,88,77,64,84,82,85,74,69,78,79,83,84,79,64,68,71,79,76,85,73,87,89,86,80,67,75,83,73,70,71,68,76,86,86,87,81,79,82,67,65,89,76,84,94,74,85,105,111
5,81,73,96,85,87,68,86,80,69,81,85,88,81,73,81,92,74,78,77,87,92,69,82,81,63,99,85,81,72,79,96,89,82,89,70,79,82,71,80,86,62,87,97,85,88,80,65,79,94,71,84,75,83,88,81,88,64,94,82,90,64,78,78,93,99,86,93,77,77,86,89,89,84,94,90,67,97,84,89,78,95,88,73,94,67,86,89,83,84,87,86,82,87,78,80,87,70,93,89,85,78,77,81,89,83,88,92,94,73,104
6,88,82,79,79,91,86,104,99,84,92,94,83,97,111,84,104,91,94,91,95,97,103,88,96,73,78,88,94,89,78,85,76,96,90,88,72,84,71,86,68,88,75,83,77,81,86,84,83,78,92,68,83,76,84,89,83,77,71,84,69,89,84,84,75,73,78,69,67,80,64,57,79,65,64,76,57,67,78,74,66,80,55,74,69,67,69,67,84,58,85,85,79,69,75,77,67,66,94,67,64,89,66,79,71,94,78,78,96,75,85
7,81,68,60,75,63,78,66,86,70,87,83,86,79,66,73,77,70,65,73,91,73,66,80,53,68,58,68,73,69,68,66,78,47,75,74,57,60,65,62,70,64,77,65,71,64,70,68,61,82,83,81,68,67,67,56,66,74,65,86,57,79,82,70,75,80,79,75,79,60,59,66,72,83,67,79,63,101,96,70,87,90,82,104,99,84,88,96,105,95,101,92,85,78,82,78,100,87,74,67,64,82,62,70,76,83,79,74,75,74,90
8,80,75,74,62,80,73,76,57,69,78,69,66,60,70,79,82,80,74,69,60,56,65,55,75,52,70,69,71,80,55,63,67,54,71,51,65,68,95,88,73,75,64,73,63,70,79,79,59,81,81,87,68,80,58,68,84,76,79,85,69,80,68,68,80,81,64,66,68,71,72,68,79,73,68,55,65,68,80,72,71,79,71,66,64,85,71,61,59,71,76,73,64,69,76,73,77,77,74,92,79,87,67,88,80,76,71,66,76,70,85
9,77,60,67,74,80,85,80,101,85,91,114,103,101,101,110,92,103,87,104,94,91,94,79,87,78,96,86,82,80,82,78,88,78,76,85,56,65,96,79,78,71,71,58,75,79,72,83,68,80,67,79,77,84,66,64,77,68,64,71,79,72,79,77,86,65,69,67,64,56,74,74,70,83,69,67,71,77,79,62,74,78,76,83,88,75,72,73,65,73,84,87,63,64,65,56,51,65,65,73,73,74,65,68,56,69,64,65,71,69,90
10,71,71,71,71,81,85,79,68,67,73,73,68,80,71,51,61,80,64,79,65,69,63,61,76,75,64,57,67,53,76,73,71,71,63,57,87,77,61,64,71,67,76,70,82,74,79,61,81,87,90,84,62,105,99,106,84,100,104,113,93,99,92,89,102,99,95,106,82,75,82,83,101,86,79,79,83,68,75,92,70,73,69,74,72,69,66,77,64,61,72,76,71,84,82,99,80,74,87,68,76,74,71,79,68,92,65,68,76,77,85
11,94,83,108,85,92,86,87,70,79,80,80,67,87,105,82,76,61,65,66,82,74,77,70,77,75,67,62,71,73,62,69,56,71,61,78,66,66,71,65,64,59,42,69,66,43,55,58,67,47,72,63,82,75,65,73,63,67,67,66,74,83,65,90,81,77,57,70,79,84,78,70,73,64,66,59,64,67,71,62,74,60,67,73,58,74,61,77,40,70,68,68,58,54,64,69,64,42,52,72,82,60,77,70,72,78,78,65,64,65,86
12,69,77,64,90,82,68,86,70,73,77,87,74,78,74,71,83,96,81,79,73,72,56,66,92,77,74,77,76,91,90,79,89,80,68,80,73,87,90,70,69,109,80,81,85,90,86,80,73,79,89,97,89,78,77,94,102,85,89,84,88,84,82,96,86,68,81,79,74,73,80,67,71,77,79,61,91,73,79,83,83,76,80,68,80,84,88,89,91,97,78,76,88,84,85,104,98,97,103,95,98,100,85,104,102,110,98,99,88,86,90
13,52,69,62,64,77,49,73,65,45,66,57,83,61,79,65,62,85,68,59,71,65,64,68,57,70,75,72,60,69,73,63,68,62,53,58,65,54,57,55,60,63,57,63,55,51,70,50,71,68,72,60,79,69,63,64,58,81,56,71,71,83,61,62,77,77,65,84,69,68,58,77,85,58,83,60,46,70,58,60,60,61,73,62,62,65,65,64,68,67,67,52,75,56,53,59,73,61,51,62,59,68,58,81,71,64,70,51,77,93,62
14,120,95,79,88,106,81,110,65,72,93,82,86,79,88,71,74,82,83,95,96,89,66,72,90,72,77,72,72,85,74,83,84,75,94,68,93,73,77,72,73,95,105,92,76,91,95,75,94,74,102,86,103,109,78,84,83,98,89,82,96,91,101,68,97,82,92,82,93,67,81,65,83,75,84,83,95,71,83,83,84,81,70,82,82,71,78,95,80,86,80,92,77,82,79,83,94,74,81,91,86,76,99,71,89,83,79,79,78,97,81
15,67,64,78,77,79,71,67,71,78,59,73,71,76,87,82,92,68,76,67,86,86,93,75,72,78,74,71,63,71,63,78,78,70,61,68,72,56,64,61,64,73,75,75,80,74,68,78,63,68,77,59,70,70,69,79,59,98,84,92,109,97,79,107,97,92,85,94,103,109,94,86,93,89,95,86,78,91,94,80,85,82,72,66,69,84,65,68,82,87,73,75,70,75,82,54,69,73,69,65,70,72,51,71,75,85,88,84,73,81,87
16,86,86,64,62,78,78,80,84,63,73,61,77,70,68,56,66,59,72,68,61,67,65,78,69,80,67,85,67,58,74,71,60,77,83,65,77,55,75,64,76,85,72,98,80,67,83,85,75,77,82,71,89,90,73,80,90,70,83,72,69,71,66,83,74,64,74,80,74,60,71,66,81,63,59,75,63,67,78,62,67,80,54,64,68,69,76,73,79,68,82,66,67,79,81,92,64,73,80,75,75,92,85,77,69,92,78,78,64,73,94
17,66,78,58,69,60,80,73,68,69,74,60,78,72,82,70,79,71,76,80,77,54,81,73,77,59,81,65,52,78,69,70,68,84,64,76,72,67,70,71,67,63,72,50,74,69,69,73,58,54,68,75,65,66,84,64,64,60,90,86,78,74,79,76,77,59,76,77,75,74,86,79,85,78,79,70,74,72,83,70,71,96,69,90,66,98,97,82,107,93,85,91,91,97,101,104,76,96,92,82,72,73,73,85,74,75,66,104,88,85,79
18,61,72,87,78,74,81,74,77,77,72,65,62,73,74,65,65,52,80,85,65,69,66,74,57,65,63,70,59,58,77,79,66,56,73,78,63,60,59,83,86,71,67,65,88,63,63,67,76,71,63,88,92,70,71,85,92,75,83,80,74,80,78,76,71,77,79,76,63,65,73,67,73,76,76,55,53,60,75,63,71,54,62,67,61,65,81,66,60,82,82,77,72,70,87,75,69,69,72,62,74,78,65,80,65,72,71,72,68,66,83
19,89,75,85,68,83,85,86,116,88,89,100,104,100,109,114,96,102,97,108,96,117,98,90,76,91,109,92,91,80,89,93,79,80,95,75,66,74,78,92,66,86,82,88,66,71,77,79,81,86,66,71,75,88,75,78,89,69,71,98,90,98,79,94,89,89,99,84,74,83,83,82,69,86,75,98,85,82,71,78,74,100,87,63,81,85,71,66,69,78,90,76,59,63,86,62,68,83,65,90,74,79,77,72,84,78,81,87,70,79,85
20,102,91,85,103,103,86,75,92,92,91,62,79,92,87,79,101,99,94,98,87,77,77,81,88,89,74,85,84,75,95,82,82,67,96,93,81,101,82,69,84,99,101,87,89,91,78,94,93,110,79,106,103,104,95,90,73,90,97,102,106,98,98,84,83,93,94,88,89,91,90,92,82,75,102,80,87,86,78,82,84,96,88,80,87,82,81,95,96,89,98,79,88,100,75,87,101,102,89,97,90,91,90,94,97,108,112,95,111,105,87
21,75,81,62,80,76,85,72,77,72,75,90,79,87,74,73,70,81,64,68,72,74,78,52,76,71,60,68,63,57,58,71,62,77,60,59,69,52,62,57,58,65,62,61,64,56,66,68,61,61,83,70,72,68,90,76,66,94,58,63,72,73,77,68,77,69,86,79,85,75,68,57,67,54,68,74,74,64,64,54,71,62,58,64,62,61,59,53,58,71,52,62,76,61,55,58,72,65,59,61,60,51,70,66,69,65,47,66,73,64,64
22,72,77,66,72,53,73,76,68,68,62,85,62,60,72,70,60,57,69,71,57,68,64,77,53,57,74,62,61,58,64,65,58,63,79,49,65,69,51,69,73,55,73,69,67,63,72,75,93,60,73,71,72,64,83,66,55,64,63,56,60,56,68,69,73,52,50,88,67,63,66,73,75,67,63,62,58,60,62,72,64,73,53,58,61,70,70,69,67,72,71,62,70,64,61,76,81,71,66,63,65,60,72,77,77,79,73,78,81,73,78
23,84,80,66,83,86,104,72,84,87,82,75,96,73,93,82,83,97,85,82,89,81,69,84,73,92,76,80,76,87,80,78,75,78,62,72,70,83,86,52,58,66,79,86,73,52,71,79,75,82,76,70,65,80,79,99,81,81,68,60,77,81,82,80,73,77,92,91,93,86,75,83,86,76,85,88,66,84,80,87,90,93,80,81,85,81,73,70,66,75,78,82,77,74,67,64,71,84,71,81,75,69,83,90,87,84,81,78,80,83,79
24,84,91,63,96,68,76,81,87,70,80,65,80,62,65,64,63,69,82,54,72,66,70,65,56,69,69,67,70,53,74,67,65,72,66,64,65,71,80,64,61,82,73,75,65,74,84,71,76,76,82,72,72,61,78,66,79,54,72,68,66,69,67,73,61,80,80,62,71,86,62,65,71,68,64,65,62,83,62,78,53,77,62,71,53,71,89,84,66,72,73,78,100,78,76,81,77,75,77,69,80,80,81,107,70,65,72,73,83,84,79
25,94,84,101,101,98,103,96,85,103,95,93,103,90,97,87,94,90,107,105,85,97,94,100,85,87,80,83,91,95,107,71,90,105,90,98,85,94,86,83,70,80,73,81,76,69,81,67,74,67,68,83,71,93,74,81,79,89,98,88,94,82,81,77,82,81,86,78,77,95,83,93,81,74,77,76,68,83,88,78,81,83,95,82,84,63,88,78,85,70,83,77,86,74,83,80,84,85,76,77,72,77,82,82,83,61,93,91,87,78,84
26,76,94,84,76,72,94,74,73,72,74,74,70,83,69,74,62,64,78,88,83,87,92,80,81,98,106,91,104,94,103,86,78,97,93,91,116,93,79,82,90,86,93,98,100,89,100,88,85,75,90,90,88,88,67,92,82,72,74,73,85,67,67,85,87,78,82,74,78,71,79,71,62,84,66,57,62,73,80,57,73,63,64,62,66,81,85,67,67,60,63,77,72,78,75,79,75,59,84,86,74,77,84,80,87,78,67,68,71,66,68
27,103,90,90,114,94,85,106,102,90,97,101,109,94,88,95,92,89,95,89,78,69,88,88,94,82,100,72,89,77,89,73,78,87,71,74,71,74,80,77,63,70,67,68,66,64,69,82,70,66,83,71,56,80,89,72,78,61,72,68,65,85,88,73,78,79,102,72,69,82,89,77,87,82,75,69,69,93,80,84,84,91,72,68,79,65,69,69,68,81,60,68,64,73,62,73,53,66,73,76,51,56,91,84,67,60,61,68,71,96,63
28,68,84,56,72,88,77,71,63,72,81,82,63,76,79,75,66,73,68,65,71,67,77,66,80,63,77,62,63,72,56,62,67,73,72,71,74,74,69,66,84,75,77,74,83,90,80,82,79,85,74,86,84,77,68,68,67,78,69,72,87,80,61,72,72,73,82,82,72,72,86,67,77,90,51,68,64,83,68,67,82,69,87,72,70,77,97,67,66,86,65,77,74,72,97,88,63,80,82,71,81,82,72,69,65,65,83,89,90,90,84
29,76,68,86,92,79,76,98,96,75,89,93,98,83,70,76,97,80,79,94,76,87,91,76,78,91,88,79,84,81,92,82,79,78,82,88,82,83,82,71,79,89,79,67,83,62,75,108,77,86,91,72,86,89,82,85,93,88,84,93,89,82,98,95,94,104,103,93,106,92,72,82,96,95,102,89,91,73,75,82,85,80,66,86,86,92,68,83,88,106,83,80,79,78,71,74,67,79,84,86,80,74,88,83,77,85,93,74,85,93,90
30,80,88,84,85,93,83,93,92,64,75,84,80,74,87,84,91,84,74,73,72,77,69,75,85,63,93,90,82,73,91,78,91,77,86,69,77,78,90,80,65,79,88,83,80,94,90,76,74,87,89,96,87,84,81,77,88,71,91,92,90,85,77,74,83,78,70,88,75,78,68,68,72,80,68,76,74,57,91,79,79,72,71,70,80,79,87,67,69,77,68,74,87,71,98,87,79,70,91,73,82,73,72,86,85,91,68,89,92,89,74
31,102,83,96,83,88,93,95,92,81,85,84,83,97,84,103,75,89,86,97,84,85,101,92,85,104,97,95,81,102,92,92,90,91,98,98,100,100,87,98,89,82,100,105,85,118,91,104,86,98,91,94,100,108,103,110,94,97,102,105,106,86,90,94,90,90,93,79,94,111,92,91,87,78,94,92,85,77,103,102,90,92,81,78,73,85,84,71,89,76,87,86,104,75,98,103,87,78,106,83,88,100,106,81,94,89,87,71,88,112,78
32,87,85,84,70,81,83,61,88,82,74,81,60,66,79,72,68,73,79,81,75,74,80,70,77,62,72,68,71,61,79,64,69,106,74,79,54,70,79,76,75,96,70,63,92,68,79,83,68,85,82,81,63,67,79,81,74,88,85,84,78,80,74,63,73,68,72,77,74,67,76,67,54,76,67,70,66,81,73,53,71,80,68,71,63,66,60,64,78,71,81,70,95,67,60,75,83,69,80,83,90,86,72,67,92,78,76,85,67,81,65
33,61,62,68,67,86,72,59,71,59,68,65,68,69,64,59,60,74,59,65,62,69,82,54,83,60,73,78,64,50,67,69,55,58,48,75,50,68,52,67,51,53,50,41,57,69,70,62,58,64,43,59,64,78,66,59,70,74,72,78,74,63,70,53,82,83,84,61,78,59,55,71,81,60,59,69,65,75,76,67,69,67,48,61,58,61,62,51,58,61,65,59,60,59,60,68,61,67,53,54,72,49,69,64,70,58,56,51,53,56,58
34,78,73,78,65,84,77,90,93,90,85,98,95,96,86,96,108,96,104,100,98,81,99,89,82,77,85,101,96,84,88,79,91,79,78,93,92,69,78,87,87,86,84,70,79,84,79,84,65,84,68,74,72,79,83,81,79,82,96,75,82,73,73,79,83,75,79,75,74,76,81,65,56,82,72,65,81,72,64,65,67,69,55,61,59,70,71,76,69,71,69,61,86,81,80,82,72,68,78,70,85,85,88,90,78,100,95,83,91,77,74
35,84,67,65,74,63,75,80,62,68,74,64,64,70,66,74,68,82,65,74,69,80,75,66,73,81,58,48,73,63,57,57,80,75,53,54,62,50,57,54,56,66,72,60,62,56,61,68,64,66,69,54,65,73,58,71,73,71,70,66,82,77,89,58,78,83,63,64,81,74,89,64,69,68,64,55,77,73,59,66,83,63,50,68,73,55,50,62,86,52,59,61,62,75,58,66,85,84,86,87,95,98,84,113,106,95,80,93,106,61,96
36,73,121,103,90,85,106,97,87,83,99,111,82,95,102,93,106,82,77,70,86,87,79,96,84,96,96,90,96,71,85,100,95,101,87,81,91,102,92,83,86,78,110,72,77,90,96,88,84,79,84,93,104,99,100,92,94,88,77,89,85,105,82,76,83,101,88,110,82,78,82,82,71,103,77,85,94,71,114,88,109,99,65,92,75,96,90,68,109,99,85,83,104,80,84,103,95,104,75,86,85,94,90,91,82,99,98,93,86,74,101
37,68,89,81,95,79,75,75,91,96,77,103,91,82,109,94,114,107,97,94,120,97,87,102,95,98,90,92,83,96,77,84,93,94,97,94,65,95,88,75,75,87,76,82,77,85,66,71,76,88,76,75,90,84,89,78,77,81,76,89,79,95,81,86,83,87,86,79,92,81,91,83,79,77,70,98,90,84,79,77,81,73,88,62,73,86,76,80,84,96,90,82,76,78,72,75,83,69,76,96,75,95,78,81,67,75,81,81,81,82,73
38,85,96,79,92,88,70,79,93,92,89,86,89,91,83,90,83,73,80,89,71,90,74,87,81,77,94,87,95,87,72,77,81,95,61,82,73,74,82,90,109,86,98,73,99,66,97,97,79,82,87,77,88,74,107,82,88,89,80,82,77,86,79,86,91,87,89,95,85,88,89,90,89,74,93,89,82,69,87,76,70,82,79,77,80,80,93,88,86,70,75,88,69,77,87,88,85,86,94,84,90,90,83,91,73,88,87,84,76,69,94
39,74,74,60,73,83,69,68,58,74,74,86,73,81,77,68,67,79,77,73,79,80,76,76,66,67,92,75,71,68,79,74,92,85,87,95,102,85,83,90,87,75,85,85,86,103,107,102,72,79,85,95,95,74,79,95,90,76,78,78,96,68,73,81,92,88,66,89,59,90,86,69,72,73,66,71,72,94,68,74,78,61,79,68,79,67,68,73,81,72,56,64,64,72,56,76,74,69,66,59,72,72,69,62,79,55,57,67,61,70,73
40,75,82,68,80,75,65,83,83,68,66,93,63,74,65,64,59,73,71,70,65,81,57,83,60,67,80,60,71,98,79,83,79,59,70,83,81,71,62,76,66,75,81,71,90,71,81,73,86,76,73,88,84,65,57,85,77,60,70,68,72,74,72,78,80,72,74,105,92,104,81,109,93,88,76,99,86,94,94,87,77,84,93,77,92,80,89,84,83,75,94,80,78,76,105,109,88,76,87,70,63,91,69,64,74,81,82,75,81,74,70
41,84,82,75,80,83,99,83,87,69,102,70,86,77,86,82,78,69,79,84,75,76,78,78,53,76,67,62,70,68,68,72,86,56,72,79,54,64,47,63,67,61,67,61,69,77,72,78,61,54,55,71,72,86,83,64,77,81,63,67,79,64,60,67,66,73,59,84,75,64,79,75,64,64,68,78,70,81,65,68,49,71,69,64,54,82,66,66,73,63,53,65,59,60,60,61,56,57,61,64,81,74,59,53,69,66,82,66,72,69,79
42,79,94,73,83,83,74,95,80,91,85,87,85,83,77,84,85,92,87,85,88,69,65,84,61,70,74,70,96,97,79,86,69,86,84,83,79,97,85,76,99,71,81,68,86,79,78,75,95,82,90,88,99,73,95,82,90,96,80,87,81,83,95,87,87,80,94,90,89,90,89,81,90,69,79,75,76,73,89,62,74,78,70,83,80,69,76,67,83,68,102,87,75,94,81,84,89,88,84,81,86,90,97,79,84,101,111,111,102,120,88
43,74,72,72,64,85,69,77,76,64,69,64,83,74,86,66,73,61,64,53,62,70,74,73,74,71,81,69,61,72,78,67,64,57,54,79,59,69,68,65,57,51,76,63,56,59,69,58,79,60,62,82,72,71,63,53,66,60,73,74,76,72,68,66,86,73,66,81,82,77,87,84,79,85,76,88,87,68,78,61,67,62,64,71,52,49,75,66,63,53,75,66,69,62,57,66,73,69,57,64,63,69,85,72,75,63,60,68,66,73,72
44,106,89,87,99,95,88,89,88,81,90,94,79,81,89,80,74,100,88,89,99,104,88,89,103,95,85,96,106,104,108,114,93,118,100,96,102,101,116,99,104,107,114,77,106,92,119,95,93,106,93,81,100,90,91,91,107,103,92,107,98,99,110,86,110,90,84,90,110,92,75,89,96,82,85,103,100,90,80,78,92,88,91,77,93,104,87,88,101,83,101,72,78,103,90,107,84,93,81,85,93,99,98,93,101,105,112,109,92,81,93
45,104,83,94,75,88,86,86,74,92,93,74,79,83,86,105,87,103,113,114,109,96,109,99,90,101,103,103,103,96,109,97,108,85,89,87,92,107,105,95,94,101,80,76,86,87,92,92,88,82,89,69,105,77,76,75,92,90,79,97,95,88,88,76,67,89,83,106,104,78,90,96,79,76,81,90,96,84,83,74,95,92,58,93,84,93,86,83,80,78,82,87,87,75,87,72,63,82,80,76,77,80,89,79,82,78,89,86,91,77,69
46,91,94,90,109,99,101,78,82,91,100,105,82,73,68,87,82,97,85,95,105,98,102,73,79,80,79,66,82,79,82,77,80,73,88,91,91,96,93,103,78,92,102,93,92,98,89,81,91,80,82,84,87,91,91,84,102,99,81,91,87,91,84,105,77,101,79,63,69,84,90,97,85,89,89,86,92,80,79,84,90,95,91,95,86,80,96,101,95,96,95,91,81,81,80,79,81,91,73,85,95,107,80,91,96,82,83,90,74,85,84
47,61,55,75,60,76,69,79,73,67,70,70,73,75,76,62,54,69,77,67,74,71,59,64,74,69,60,68,80,52,51,67,58,66,48,69,60,74,58,67,57,60,64,58,68,63,65,53,65,72,50,53,71,70,69,60,64,65,57,60,69,66,68,75,70,91,74,69,82,79,87,62,59,61,68,83,74,85,84,60,65,60,71,52,62,64,73,52,68,50,65,65,64,60,66,57,67,61,42,64,58,59,67,68,75,87,63,61,68,50,75
48,66,74,59,70,69,54,80,75,68,77,80,67,75,59,61,74,70,58,51,59,56,61,57,57,67,56,59,65,45,41,59,64,61,49,72,53,63,59,66,76,62,67,65,87,74,84,77,94,93,97,97,81,98,93,99,97,90,104,98,103,85,103,97,84,87,77,97,72,82,71,77,78,81,59,76,52,59,73,72,73,73,67,65,56,52,58,74,64,83,73,73,70,63,76,67,69,61,62,71,79,64,73,66,65,72,79,73,68,72,72
49,80,87,78,91,75,94,81,75,95,104,89,78,96,81,79,66,85,77,92,82,75,88,62,72,84,92,84,89,87,60,74,79,78,90,88,75,73,63,77,63,85,69,72,71,72,80,77,70,70,71,68,88,84,79,73,65,60,90,103,83,74,72,76,81,93,88,83,81,80,81,68,68,78,70,88,72,64,75,97,73,73,68,70,74,85,61,55,86,71,56,78,64,94,82,84,80,91,77,68,88,89,74,75,73,86,83,84,82,88,89
50,78,71,87,84,85,84,91,78,76,76,74,89,90,82,86,96,87,85,73,77,85,69,84,72,70,71,69,80,81,67,82,69,77,76,52,79,68,71,97,85,74,68,87,89,68,72,79,93,88,86,84,80,81,93,91,88,106,93,91,79,88,97,75,89,91,72,87,71,81,66,76,85,78,66,87,87,91,92,121,72,92,107,102,95,94,95,95,111,115,99,116,96,94,97,99,84,74,101,73,96,84,74,89,93,99,96,94,76,79,77
51,78,90,81,84,101,95,94,88,83,85,103,92,100,103,98,108,89,107,106,117,101,102,89,89,74,106,90,84,87,105,110,98,90,97,89,86,88,81,84,80,77,78,82,81,86,70,77,80,86,72,77,83,86,94,92,93,73,91,81,91,92,90,90,75,86,81,103,87,78,64,88,92,84,77,92,73,95,91,65,83,71,75,74,76,85,86,66,89,80,71,81,82,58,72,79,80,69,78,79,80,71,78,89,62,82,95,88,75,84,76
52,95,89,94,85,114,87,104,77,72,105,107,92,94,82,73,91,82,91,88,85,85,75,93,82,82,84,85,76,78,97,81,80,83,81,94,98,93,96,93,109,77,102,98,77,85,72,93,89,75,73,85,90,104,90,86,74,88,95,90,87,100,77,106,64,100,86,92,88,100,79,79,78,82,77,86,79,82,83,81,84,74,81,72,84,92,103,80,79,85,75,88,99,81,80,89,103,92,77,98,100,93,73,71,86,89,88,91,84,80,89
53,75,80,81,78,96,78,80,91,79,80,82,100,78,107,96,82,84,86,100,81,65,78,90,97,79,72,85,73,73,85,79,73,86,62,84,71,81,71,79,92,70,77,68,71,75,71,89,60,69,75,70,81,72,78,83,82,71,81,98,84,65,84,78,95,84,89,88,80,76,90,98,86,79,74,84,86,80,94,105,73,81,76,77,74,76,75,74,77,75,67,78,65,87,68,70,73,75,75,78,85,84,76,88,72,69,75,65,87,90,78
54,74,79,93,80,83,73,77,67,69,70,84,69,71,81,92,88,87,70,65,79,86,68,72,70,76,81,80,77,83,103,113,113,88,100,94,104,99,98,95,102,106,99,67,105,93,84,78,87,84,73,80,92,85,106,85,84,94,73,83,89,82,75,75,84,83,84,89,75,78,86,74,80,74,76,97,96,98,65,85,85,82,71,73,72,76,83,74,71,72,67,61,76,90,79,95,90,89,76,82,75,68,80,75,82,92,89,65,113,69,70
55,92,66,78,76,64,63,87,84,82,75,82,74,83,74,79,92,80,73,77,102,74,102,78,76,81,97,75,96,77,95,97,102,110,94,87,107,96,100,99,79,82,94,90,91,82,104,99,82,83,84,82,96,75,79,89,98,81,72,77,95,77,75,95,73,77,83,79,105,92,85,81,81,96,71,88,74,76,78,82,68,74,64,79,88,65,68,59,76,72,71,85,79,72,78,70,66,67,65,86,88,78,84,64,77,85,69,81,65,86,72
56,74,79,82,86,72,65,87,72,73,65,69,62,71,77,72,73,70,65,61,62,71,72,73,70,77,70,64,60,64,69,70,79,74,62,56,60,61,72,58,60,70,78,60,84,68,83,81,81,61,74,73,63,60,72,64,84,68,87,68,82,79,75,99,87,98,92,98,95,83,91,97,92,100,91,95,88,88,82,96,80,84,93,87,74,90,75,86,70,60,83,71,81,82,77,81,85,73,92,81,67,83,86,80,72,87,86,85,61,58,79
57,70,68,78,88,94,62,86,98,73,80,74,85,77,81,61,83,86,91,94,93,67,74,86,68,89,74,63,68,78,88,66,72,68,64,68,84,82,65,83,68,67,79,72,75,82,82,64,79,67,74,70,77,67,64,69,86,78,84,77,88,85,71,79,64,81,90,94,62,80,79,82,74,80,77,56,70,78,74,85,72,73,68,61,81,86,54,62,67,77,57,75,66,73,58,73,73,63,73,74,76,90,79,80,83,83,96,78,88,84,80
58,87,79,101,92,89,74,90,106,102,99,99,93,76,95,75,85,88,79,91,94,83,66,79,73,82,87,89,74,67,76,70,86,79,74,94,91,83,68,77,59,75,82,85,83,82,90,85,87,99,79,81,85,96,92,75,91,112,84,89,89,113,75,91,113,100,89,82,99,94,94,103,101,85,103,95,93,91,92,100,98,86,85,91,93,90,78,72,91,77,79,105,95,100,87,91,91,95,90,78,94,83,112,105,74,92,88,85,86,98,85
59,98,82,93,93,88,73,96,105,120,102,98,101,119,98,104,102,103,103,117,84,92,86,84,82,84,86,97,72,87,73,66,78,87,64,74,90,70,80,80,71,70,84,68,81,71,73,74,81,81,89,80,73,78,91,77,83,83,87,74,77,68,86,84,78,79,60,72,106,72,84,67,81,74,67,70,84,86,109,82,97,79,76,75,78,66,74,83,76,80,66,78,69,63,87,83,81,75,71,76,64,72,76,80,70,94,83,95,86,75,87
60,93,87,77,84,93,84,85,69,103,64,101,78,91,74,66,81,75,71,77,88,75,84,100,96,75,84,89,73,88,89,91,82,65,88,77,77,93,87,84,100,87,78,86,83,75,72,96,100,93,116,89,80,88,85,72,78,100,91,90,78,100,87,85,82,87,72,72,67,80,81,70,76,90,68,76,83,85,91,67,60,74,80,67,86,66,84,96,82,77,88,74,88,90,104,84,74,88,77,90,84,90,84,94,86,92,77,86,96,91,77
61,111,95,77,95,85,103,87,91,94,78,80,79,92,106,95,95,85,72,94,74,82,71,82,108,82,90,103,85,73,89,69,77,92,77,87,75,67,83,100,84,108,94,70,82,84,75,87,85,86,96,83,98,88,83,95,108,75,87,99,87,81,82,76,97,79,85,81,85,93,99,79,104,94,90,89,92,86,91,94,93,83,73,77,89,68,82,90,89,81,82,91,83,75,78,73,77,74,77,95,101,87,111,91,99,93,125,123,103,122,91
62,81,95,92,88,84,91,86,92,102,83,95,74,88,93,78,96,75,82,70,77,75,106,68,71,81,78,73,76,69,84,86,86,71,65,94,76,68,76,78,63,80,75,97,75,85,96,101,79,77,101,114,83,85,92,85,72,80,81,91,71,90,87,74,84,90,66,90,71,79,78,101,76,81,84,74,69,85,89,88,74,80,66,64,75,77,88,83,85,74,65,95,75,74,79,82,79,84,84,74,73,86,81,72,88,80,87,79,89,104,109
63,61,55,54,61,70,65,71,68,63,69,64,75,69,65,66,81,60,64,60,70,79,69,69,77,68,72,59,69,63,64,71,60,75,63,62,45,62,76,65,66,66,59,53,68,61,65,79,66,79,63,71,70,72,72,77,67,60,62,75,92,75,60,66,74,74,56,67,74,81,68,64,70,76,62,80,80,58,71,64,72,63,59,73,63,64,66,60,40,66,66,60,57,61,65,51,65,60,53,61,59,73,59,58,57,68,79,60,75,65,62
64,105,92,79,91,72,92,98,89,82,88,86,77,69,74,76,83,82,75,73,91,75,89,86,88,73,61,71,86,95,83,75,66,85,78,91,77,80,78,86,89,84,71,92,74,76,78,103,92,81,92,79,89,89,91,91,85,80,97,88,95,76,100,90,76,101,65,93,76,94,79,79,88,69,80,71,75,85,70,67,82,87,90,77,89,74,102,86,76,75,99,101,93,86,93,99,94,96,98,88,99,106,105,98,110,115,105,74,101,90,118
65,80,92,80,90,82,90,86,81,88,99,68,78,95,81,102,79,99,91,97,90,63,85,94,110,88,97,99,100,94,93,83,73,74,71,91,89,75,83,96,86,79,72,86,89,68,83,88,78,105,90,91,78,93,77,90,89,96,88,91,84,98,107,113,91,106,73,107,107,106,87,111,110,104,107,97,106,89,103,100,108,103,87,94,82,95,117,72,94,84,87,90,102,82,84,93,95,87,83,83,101,94,108,79,90,89,89,91,105,101,92
66,86,90,75,80,85,84,87,88,71,95,76,70,83,73,67,85,79,70,82,76,69,76,68,80,69,67,83,67,73,83,82,86,91,78,89,78,79,75,62,73,74,93,71,76,62,90,76,84,92,94,85,68,68,66,80,81,92,72,73,90,77,67,67,71,85,79,67,93,85,78,67,75,70,86,91,77,79,69,78,70,77,71,81,69,70,64,88,73,69,78,82,73,79,82,89,106,101,86,85,100,82,97,73,88,91,106,86,96,107,103
67,89,95,66,83,83,83,84,90,88,83,93,66,100,80,90,97,87,99,87,77,101,105,88,72,88,86,68,94,75,80,83,76,83,79,74,69,85,82,88,76,87,80,70,69,79,74,84,84,81,90,81,75,93,83,71,72,86,66,87,71,89,95,98,71,85,81,69,105,80,71,80,81,81,82,61,85,69,78,90,65,64,80,72,94,85,68,81,91,86,74,88,86,96,86,59,70,71,74,75,70,91,93,71,75,86,90,80,77,81,98
68,85,78,80,71,78,68,72,68,81,68,67,80,83,81,71,75,81,88,70,81,66,79,82,64,84,83,77,82,80,87,68,58,78,92,80,71,85,84,64,77,70,90,67,69,72,91,76,88,77,93,91,90,78,88,82,93,68,89,78,80,73,95,75,80,78,74,71,69,87,75,69,58,75,79,75,65,67,91,74,81,83,72,100,92,83,113,102,99,99,91,100,127,105,95,95,89,94,101,100,78,92,100,94,88,95,103,90,86,87,91
69,85,93,88,96,79,93,102,84,112,68,111,89,97,101,99,99,94,84,82,94,71,83,103,93,77,83,92,87,103,81,84,82,107,86,74,70,100,83,108,84,90,78,87,92,91,90,95,78,89,85,94,108,89,94,96,91,89,95,90,99,96,102,97,107,92,89,100,70,96,91,90,88,97,88,111,102,83,98,94,75,97,106,87,80,79,69,93,103,92,80,70,85,85,84,96,93,93,104,79,101,90,78,80,82,95,121,98,74,89,104
70,79,62,77,85,82,90,86,73,76,65,68,96,86,75,64,89,76,77,73,67,70,67,73,68,76,72,64,71,67,81,64,73,82,58,71,86,73,83,71,80,68,82,73,78,76,79,81,71,87,77,78,79,83,68,73,78,79,92,65,80,77,70,74,82,79,69,69,85,69,69,75,77,87,63,62,61,71,75,72,77,92,66,88,68,84,73,77,76,72,64,81,74,86,70,79,87,82,79,76,83,90,94,80,93,119,98,103,101,94,97
71,105,91,92,94,90,101,102,81,98,100,93,89,91,96,98,107,101,81,80,92,80,99,103,94,82,78,90,89,87,96,86,106,99,73,81,90,90,109,85,75,85,82,92,77,91,97,84,65,108,102,96,100,87,94,93,110,99,74,87,102,97,68,102,106,86,84,89,101,89,101,83,104,81,101,89,102,95,80,85,75,96,83,90,68,88,85,87,103,82,84,92,87,82,58,77,84,108,95,105,90,85,91,77,77,91,95,101,83,82,82
72,93,100,94,84,89,71,107,105,94,75,86,111,102,97,94,93,79,114,98,84,89,90,92,99,87,92,83,89,83,81,78,92,100,85,92,84,85,64,86,91,99,96,111,98,94,100,82,88,101,98,81,102,93,89,102,81,86,93,95,80,100,107,89,82,90,79,76,93,82,96,86,90,85,69,85,85,83,100,91,96,90,90,80,94,72,109,62,78,96,98,102,88,99,89,105,96,112,96,104,92,74,84,88,101,94,90,102,108,100,94
73,71,74,89,88,81,101,93,75,80,82,104,85,67,59,75,97,72,73,80,71,77,84,92,82,94,74,81,80,76,85,75,84,69,56,77,64,67,64,72,74,69,67,83,77,77,72,84,85,69,72,59,67,80,92,82,93,86,100,88,68,79,88,68,89,73,98,99,88,84,79,91,89,84,85,85,74,82,67,84,81,72,73,77,82,65,63,62,72,75,52,75,76,69,76,66,75,86,67,64,85,70,71,58,81,87,74,56,79,79,87
74,77,99,112,96,92,94,114,91,85,95,97,96,80,87,80,90,81,76,101,84,71,87,91,89,89,80,76,85,80,104,97,84,82,76,76,89,93,76,91,86,100,86,94,79,85,93,85,108,96,94,75,89,92,106,89,81,87,96,92,79,106,75,97,93,95,91,79,89,75,94,80,77,88,90,95,96,86,95,93,83,81,76,90,84,83,90,78,79,88,88,87,92,80,97,90,93,86,93,102,97,103,90,103,91,82,98,110,88,96,111
75,72,69,77,63,88,79,75,86,77,73,78,73,81,78,78,79,87,78,72,71,74,71,87,59,87,72,73,80,76,81,70,62,85,64,71,75,72,68,50,59,63,64,64,58,69,83,65,72,76,65,83,72,80,74,59,68,79,75,97,65,67,82,95,104,97,81,83,85,90,89,73,89,71,79,79,77,63,70,76,95,60,77,85,59,66,67,73,64,65,71,78,80,64,82,53,61,70,73,94,67,64,71,85,65,62,86,86,90,73,82
76,78,71,91,87,86,78,72,65,70,74,77,55,78,80,58,71,72,61,79,77,67,54,69,64,75,63,72,78,73,83,70,66,60,63,79,75,67,76,72,68,71,71,72,81,75,79,68,70,88,80,73,75,64,66,81,76,79,71,87,70,67,80,74,83,73,65,62,69,73,49,76,81,77,77,71,63,73,73,60,60,74,75,77,72,61,67,63,67,59,76,77,82,72,55,78,78,66,63,102,63,66,77,69,87,73,73,77,73,80,97
77,77,86,71,83,83,66,77,71,89,87,72,71,70,89,90,76,70,81,90,83,72,63,84,85,78,66,94,80,73,89,90,70,76,75,68,71,71,70,61,59,62,64,85,70,67,69,57,94,66,62,68,100,75,78,77,72,82,79,82,100,76,82,75,100,77,82,74,88,91,99,98,113,101,95,84,111,111,95,91,86,78,101,98,75,96,99,95,90,72,85,90,92,77,91,79,95,74,74,80,79,102,78,84,92,77,87,94,81,66,73
78,80,93,77,67,97,86,73,92,91,81,103,99,81,88,82,95,73,88,84,70,90,80,93,86,97,93,101,102,89,76,89,86,60,79,92,84,96,98,94,85,84,98,86,88,81,94,84,89,94,101,69,95,78,98,86,80,102,91,94,87,105,87,97,89,97,94,82,91,91,93,106,75,85,85,90,73,82,85,72,87,97,78,73,77,86,79,91,94,92,80,83,94,89,95,94,90,108,100,102,86,90,81,105,89,103,77,93,101,97,84
79,89,88,79,86,90,91,85,78,75,84,91,95,97,101,98,95,80,74,97,90,73,75,81,89,87,100,89,86,94,77,94,81,86,95,87,94,78,96,79,85,71,82,74,80,81,78,88,87,84,95,81,93,85,76,86,91,85,107,76,92,90,80,81,65,86,90,77,95,105,91,92,83,96,83,96,94,91,82,81,83,89,87,76,89,89,90,106,99,90,88,117,106,104,90,112,93,127,99,95,110,88,108,92,112,100,88,98,85,84,103
80,86,83,88,99,81,85,87,90,87,91,89,86,77,96,98,90,94,89,75,98,92,85,89,81,68,88,106,81,90,88,84,91,96,75,92,87,92,84,97,89,90,85,79,96,95,85,87,114,100,88,111,91,101,104,109,97,86,102,98,99,96,75,96,94,88,86,84,89,77,68,75,106,83,102,83,90,77,96,79,104,75,79,68,78,84,82,87,89,100,89,73,85,85,79,80,96,96,90,88,97,95,95,99,87,87,98,102,88,103,108
81,73,86,91,87,100,83,67,70,92,88,84,68,75,88,81,84,106,88,78,90,71,84,82,84,62,71,77,78,81,74,73,55,69,74,74,69,72,65,78,80,73,73,82,82,85,73,70,59,63,81,84,71,76,84,81,82,93,75,82,79,85,67,84,60,102,85,72,85,80,85,83,70,92,63,73,96,71,83,72,68,81,70,92,78,72,71,74,69,76,66,69,66,67,72,64,77,69,73,72,81,60,80,81,76,66,71,88,71,70,94
82,79,85,84,79,84,80,77,76,87,78,75,87,71,81,79,66,65,73,78,80,68,76,73,98,69,74,73,94,69,84,66,67,69,70,94,90,83,72,79,85,82,80,88,83,67,59,79,90,75,85,77,85,65,80,77,82,77,81,82,71,80,69,84,97,65,87,96,85,75,64,80,75,73,73,87,69,79,75,84,70,72,74,86,76,71,81,67,67,75,64,71,94,94,86,66,91,76,85,77,96,76,84,85,83,85,96,74,77,79,76
83,96,79,92,91,70,88,76,108,96,90,77,85,80,84,92,80,90,87,86,84,91,96,89,82,69,87,81,82,88,82,78,89,70,84,81,85,87,63,80,89,78,77,96,85,97,78,69,70,94,81,82,80,87,85,81,85,85,89,99,99,84,83,101,91,74,77,79,83,91,91,83,100,96,92,92,81,83,83,82,77,99,80,91,100,88,85,86,83,82,71,99,77,85,87,83,78,80,82,69,65,83,70,80,71,85,91,89,96,86,90
84,93,99,92,88,82,83,91,78,85,81,84,77,85,80,79,88,73,62,81,79,77,71,80,77,71,63,66,66,61,60,70,76,57,56,83,88,67,58,78,75,62,81,69,82,94,77,71,74,80,87,86,75,76,73,84,93,72,94,85,78,76,84,80,88,84,72,83,69,76,82,61,77,71,65,66,69,70,72,74,65,73,61,73,65,66,77,83,75,69,72,76,78,57,58,87,76,91,82,75,81,80,73,69,78,75,83,66,75,86,81
85,103,93,91,85,75,92,85,77,82,81,84,101,88,84,81,82,83,78,87,90,89,97,100,81,75,93,97,104,90,98,84,89,81,78,90,113,99,102,125,81,100,103,100,110,121,101,114,100,97,85,98,91,92,94,106,85,134,92,82,97,86,99,92,78,86,82,90,97,93,113,101,88,83,77,75,99,102,93,86,88,72,81,90,79,98,84,70,86,83,85,84,83,85,87,88,98,88,84,91,79,82,108,90,82,95,93,93,93,90,84
86,68,79,77,76,83,77,87,84,63,96,87,92,72,77,74,62,76,63,85,78,68,87,80,66,66,105,115,75,98,99,98,78,89,102,106,90,91,92,85,83,111,85,87,82,75,107,104,76,86,98,90,91,94,79,72,89,96,95,100,86,92,87,74,96,84,91,88,94,76,80,91,81,77,68,76,85,77,90,69,60,65,72,82,78,83,77,73,90,60,83,78,74,80,85,76,74,75,73,88,84,82,89,93,59,69,81,85,94,82,69
87,84,91,85,85,74,78,100,82,88,90,79,87,76,84,89,94,80,81,93,88,83,80,86,87,89,84,79,81,77,77,101,68,66,97,84,78,76,83,72,66,65,96,78,81,83,81,74,78,90,100,82,101,75,66,73,78,89,94,106,99,84,83,83,90,88,86,70,94,83,84,82,90,91,99,82,86,105,70,94,104,89,72,76,73,88,61,95,75,90,80,84,90,64,83,94,70,72,78,68,100,81,100,98,87,89,79,75,89,100,88
88,64,66,63,92,76,65,79,68,65,74,75,66,81,75,61,82,76,61,69,76,71,54,56,59,66,55,88,54,69,65,57,68,71,50,69,67,51,64,60,67,65,59,88,66,56,66,72,64,75,72,77,72,82,88,66,58,68,85,79,64,75,66,60,59,69,61,67,71,86,82,84,78,85,86,74,98,108,94,92,85,90,96,85,80,85,80,71,80,63,77,74,71,67,105,96,73,63,82,77,68,78,78,76,74,59,82,69,76,62,86
89,90,100,95,97,85,92,83,80,80,109,91,78,90,91,100,98,79,84,81,79,101,82,103,92,78,83,83,91,80,82,87,78,64,86,78,85,89,80,81,84,59,81,85,77,70,76,91,91,78,78,81,76,86,80,104,86,92,71,90,83,99,86,85,89,100,87,88,75,77,87,79,79,89,88,71,85,81,93,83,77,86,94,103,77,80,83,70,77,82,75,88,73,75,81,85,87,87,84,80,86,96,88,100,91,80,81,59,90,68,106
90,73,75,70,64,83,77,74,62,68,64,78,82,99,79,74,87,64,76,73,82,68,88,63,68,63,69,79,80,55,70,73,73,78,75,65,77,69,84,81,80,84,78,70,79,87,75,65,73,86,71,84,80,84,92,71,63,82,76,79,72,79,94,69,87,84,59,63,74,58,61,78,76,78,68,71,73,71,85,71,61,75,58,57,77,70,79,77,57,64,87,75,64,65,71,57,69,74,65,76,81,69,80,91,89,76,85,74,81,79,76
91,69,65,56,72,69,70,69,88,83,71,81,78,72,79,70,85,68,56,64,77,67,71,74,77,58,61,67,81,65,73,71,58,75,83,66,59,61,78,61,61,69,60,89,68,63,80,58,59,69,61,76,60,83,57,54,70,75,65,82,77,68,83,79,67,85,73,84,64,74,58,66,63,77,78,76,83,66,73,62,73,73,75,73,65,53,67,68,66,68,63,65,73,53,63,78,68,53,70,61,69,57,67,69,63,67,79,55,75,65,71
92,80,73,88,83,90,97,75,74,94,87,75,78,90,75,73,70,86,78,85,83,70,74,73,74,85,74,77,85,95,77,84,77,70,73,77,84,81,89,74,90,80,94,82,72,107,84,100,108,91,82,110,101,88,102,113,101,107,101,100,111,103,108,107,90,92,91,82,78,69,87,90,88,69,82,77,67,101,60,83,75,73,82,72,85,94,92,81,84,84,75,81,78,66,87,86,80,79,76,87,91,82,76,86,85,79,85,90,69,79,73
93,74,58,59,61,61,55,55,69,76,67,54,70,74,81,67,72,80,78,65,65,62,76,70,68,65,75,71,71,69,61,82,56,61,65,56,66,58,49,76,50,53,67,50,54,57,56,57,67,61,70,59,63,57,59,66,59,66,64,62,64,85,72,66,72,79,76,74,75,78,70,79,71,71,86,71,89,88,94,96,78,86,84,76,97,72,93,81,76,82,75,82,72,59,84,80,74,70,72,53,68,79,60,73,54,82,76,84,61,65,74
94,78,103,90,100,96,70,102,97,104,97,94,94,82,97,94,92,91,93,98,78,109,85,94,90,87,75,82,90,91,95,77,90,92,87,81,105,104,101,85,75,83,96,62,97,97,99,88,91,110,100,85,108,102,79,105,95,80,109,91,84,95,92,82,93,91,88,101,76,84,90,88,80,94,83,94,90,103,84,92,87,80,92,75,89,82,89,70,80,72,103,83,98,103,80,103,81,91,96,91,98,97,92,101,81,97,94,103,93,101,82
95,82,73,96,95,76,60,89,87,100,80,71,98,73,88,77,74,58,81,81,79,89,81,70,70,69,60,62,77,70,72,67,65,71,63,82,70,72,69,71,60,58,86,63,51,57,64,83,72,78,65,74,81,68,77,85,81,66,81,73,83,69,81,65,70,76,81,92,92,80,76,85,73,75,60,78,71,88,68,62,68,77,76,68,54,58,68,69,78,75,79,71,73,51,77,70,65,84,78,77,54,63,77,72,58,65,86,71,74,73,75
96,101,105,86,96,105,93,74,83,98,95,75,103,84,78,79,82,80,79,94,102,98,80,75,87,94,87,83,83,108,86,96,105,100,90,77,100,90,84,102,64,77,101,81,83,104,119,95,86,83,99,88,76,94,95,98,92,94,107,87,104,81,98,82,91,93,87,108,88,97,88,100,85,87,84,90,77,86,87,72,98,103,102,104,89,82,80,106,82,95,88,94,96,97,92,96,111,85,90,80,84,89,84,98,87,116,102,99,82,109,107
97,84,86,68,105,91,74,78,81,88,87,99,82,83,87,76,88,83,83,84,84,80,87,84,76,96,74,87,98,81,90,82,84,86,92,73,65,76,69,76,87,73,88,75,75,80,71,79,91,73,81,80,86,73,82,77,87,72,93,93,79,83,86,79,85,79,89,78,84,73,92,98,85,88,73,94,56,85,84,76,90,79,86,88,100,80,78,86,105,90,87,75,82,85,74,86,96,81,73,81,74,75,81,81,79,90,97,79,90,68,98
98,96,85,81,99,87,84,79,93,88,74,60,97,75,71,98,80,65,71,70,57,93,74,64,58,65,54,73,59,60,67,49,78,61,91,77,54,80,68,63,65,89,73,73,67,68,77,83,79,86,80,69,72,82,79,66,75,83,79,87,71,79,96,75,67,74,87,56,73,64,61,61,76,75,74,85,62,63,64,54,63,65,63,73,67,70,59,75,80,63,55,77,82,74,61,82,60,66,67,79,58,77,78,81,70,74,80,75,61,78,65
99,82,74,90,84,77,87,80,90,100,83,95,104,70,90,79,91,92,88,84,82,99,83,86,98,81,80,80,84,69,90,89,80,69,83,88,90,75,81,70,86,77,90,92,89,85,95,65,104,84,78,67,94,72,94,90,80,72,84,93,77,89,96,90,96,86,98,107,76,102,86,98,94,97,92,92,92,95,79,77,77,85,85,91,78,83,84,80,89,81,99,68,74,72,74,98,72,90,86,81,87,75,64,81,82,90,94,89,91,96,93
100,106,70,83,87,90,84,81,89,69,70,66,76,105,67,75,70,63,71,61,66,75,64,65,73,55,74,60,62,67,79,67,67,53,70,84,72,80,74,87,79,65,65,78,90,80,81,83,83,89,84,66,83,71,83,65,82,73,92,93,78,69,71,78,70,70,84,74,71,72,69,73,64,66,67,61,64,71,65,73,79,57,64,66,61,60,59,77,85,64,82,78,75,79,97,84,75,78,75,64,75,65,78,82,79,70,87,76,73,85,77
101,96,89,85,98,91,81,95,98,109,86,86,93,97,100,99,114,112,107,118,88,103,88,102,114,81,89,94,92,112,103,82,94,90,71,88,74,83,91,100,94,85,92,97,107,87,100,95,93,95,93,91,99,96,104,91,93,83,98,97,102,101,104,108,103,98,96,116,111,101,93,95,105,81,108,91,95,96,98,104,91,83,86,95,103,86,89,94,105,94,94,96,98,78,111,94,81,92,85,108,102,89,91,93,94,85,89,86,88,76,90
102,94,79,84,91,94,95,86,85,90,97,87,90,86,81,80,85,77,78,95,87,87,84,79,87,72,73,117,72,93,75,66,85,68,92,90,83,87,70,97,82,87,82,91,101,83,88,95,87,83,88,100,96,76,89,101,98,77,69,98,93,101,94,69,93,88,83,80,96,91,75,80,93,95,99,83,84,92,87,81,91,92,95,77,78,86,71,105,85,68,84,81,83,86,91,95,127,103,82,90,102,90,79,99,104,87,91,70,103,94,91
103,92,106,91,89,87,95,82,90,79,90,97,94,97,93,93,104,87,91,87,93,86,96,73,83,78,100,89,96,83,82,81,84,85,91,83,82,81,92,68,100,88,77,70,87,90,79,113,84,90,99,79,85,79,86,84,85,83,91,88,80,77,82,85,88,97,98,84,99,79,86,97,80,100,76,97,81,79,82,104,96,90,69,82,97,83,80,75,76,94,96,67,69,77,83,79,82,93,81,87,84,106,74,79,78,104,84,81,92,95,87
104,125,114,118,117,116,123,101,116,117,126,108,128,112,113,95,113,85,112,111,106,111,97,100,90,99,95,91,102,99,101,121,90,89,105,91,104,109,93,97,92,85,97,92,113,87,100,112,94,108,94,100,96,111,105,110,107,87,101,104,94,94,100,102,111,117,104,102,86,92,75,109,124,79,101,93,98,81,105,94,91,105,85,92,108,102,118,99,98,96,97,93,106,105,88,90,92,96,109,102,101,97,105,94,91,100,101,111,98,83,106
105,105,93,109,98,75,87,87,75,100,95,82,89,84,77,80,89,87,84,93,98,89,86,89,83,89,78,79,88,87,75,86,94,92,72,70,92,85,99,93,87,83,79,79,84,83,87,93,74,78,72,81,97,84,88,67,94,113,94,95,82,90,70,87,81,89,96,101,97,97,79,73,86,91,93,94,86,90,103,92,84,89,96,78,97,88,93,81,79,99,80,106,83,89,86,77,86,92,76,82,63,89,89,87,70,83,96,75,82,89,80
106,65,64,85,71,59,78,63,55,58,66,52,56,61,64,72,58,69,56,60,54,50,58,68,70,63,54,66,59,67,69,55,45,64,53,67,62,62,64,69,59,50,78,60,65,61,76,77,69,57,81,72,76,52,50,69,46,69,59,67,65,64,67,53,63,68,40,53,54,50,66,49,58,54,60,55,64,51,68,54,72,53,51,53,64,55,63,55,54,64,61,59,62,83,55,45,65,74,59,64,59,58,52,76,65,53,68,59,68,60,64
107,84,82,92,80,86,86,94,90,67,85,74,90,112,89,98,95,89,67,104,91,70,81,85,95,96,103,67,89,81,93,86,77,99,78,80,71,65,98,88,62,83,86,83,77,95,85,85,90,93,69,105,78,102,95,104,91,77,77,95,88,88,70,73,101,88,90,85,71,95,91,92,63,101,85,92,97,87,97,98,82,103,84,85,71,84,80,93,97,73,85,90,84,67,93,81,85,89,77,82,81,102,83,94,89,91,87,85,87,73,88
108,77,84,84,99,104,97,81,73,101,90,83,91,83,92,93,92,81,80,79,101,95,78,96,87,88,64,67,84,74,75,73,73,85,89,88,85,85,80,87,89,83,80,104,96,95,79,78,95,95,80,98,101,116,101,89,112,83,115,117,101,109,110,95,127,107,125,108,120,126,89,97,83,97,93,89,98,68,99,100,102,98,100,86,83,86,100,114,97,80,97,74,102,96,102,89,92,82,102,113,91,95,101,97,85,86,101,90,74,95,91
109,108,104,119,107,108,114,101,105,94,93,110,107,97,102,120,95,116,95,108,110,113,105,91,100,100,99,101,101,93,94,101,78,95,81,89,94,89,92,99,89,100,99,116,91,99,83,69,93,76,86,96,92,97,104,89,92,94,107,105,103,90,92,91,97,85,87,91,90,87,91,102,113,100,88,94,98,96,100,108,82,93,82,88,98,80,99,98,93,104,90,100,82,92,89,84,83,94,95,96,97,81,91,89,83,84,97,94,92,91,88
110,95,97,105,90,97,84,93,84,90,91,97,77,76,92,84,79,73,73,73,82,95,80,89,98,66,78,78,74,75,82,72,76,92,97,94,72,90,79,95,96,88,81,97,86,98,85,82,86,93,75,95,81,96,80,103,96,98,109,103,98,93,91,84,68,96,86,82,84,89,73,97,96,79,84,84,77,72,93,76,77,82,92,70,69,78,87,70,95,86,81,95,85,92,94,90,77,89,94,89,79,86,94,86,107,110,90,82,78,89,99
111,106,87,91,110,101,97,110,102,95,101,105,97,100,107,100,101,107,101,74,115,92,89,91,97,92,99,106,83,83,75,95,86,101,92,77,81,84,85,87,87,90,100,72,81,73,88,85,88,90,94,83,95,104,84,96,84,110,108,85,90,76,92,107,75,86,102,90,96,106,92,88,80,93,93,81,84,75,103,86,86,96,83,91,91,83,93,79,96,98,94,85,86,84,88,75,72,85,81,84,97,89,91,81,85,100,78,97,89,81,90
112,115,107,97,116,101,103,95,102,90,106,90,109,90,105,115,104,101,108,107,112,94,113,98,111,95,117,118,120,115,102,98,105,109,99,94,102,102,106,102,87,76,88,87,92,105,104,99,105,93,97,111,102,111,106,92,96,103,98,100,97,92,83,78,104,85,90,98,96,106,86,110,100,115,97,82,100,104,76,80,74,70,83,102,91,90,78,95,100,105,98,91,89,116,90,103,110,88,103,90,81,81,98,92,85,91,102,80,97,100,106
113,108,82,97,83,70,85,100,82,87,94,92,97,90,92,110,91,88,88,79,84,89,102,95,90,103,89,90,110,87,77,87,81,88,83,59,85,89,86,97,84,78,97,90,90,75,109,93,83,88,95,96,92,109,90,90,98,105,95,92,104,93,127,104,101,116,113,88,112,124,103,107,106,121,106,99,93,91,107,110,108,101,81,96,98,104,88,83,97,75,97,87,86,79,97,75,90,81,75,91,87,93,85,75,104,102,100,98,119,89,74
114,96,95,91,87,97,83,96,95,99,76,105,89,92,114,81,86,75,82,86,91,75,90,82,82,66,77,70,51,79,71,90,79,64,88,83,92,76,71,76,81,69,78,77,89,73,99,75,85,72,92,93,98,95,89,73,95,96,79,86,89,86,77,89,76,92,85,90,80,85,90,84,83,70,95,93,75,81,85,81,72,71,70,88,89,70,82,74,88,72,81,85,71,83,97,90,93,80,94,83,76,82,79,91,78,83,91,103,90,83,98
115,88,88,88,85,100,101,92,104,113,90,116,79,93,81,79,115,105,91,78,70,97,94,81,96,115,94,104,83,96,99,89,90,93,76,89,95,87,94,89,94,89,88,96,87,84,78,108,109,97,87,96,122,84,97,93,96,106,80,88,88,103,95,103,95,102,81,97,105,89,73,82,103,102,92,100,99,110,88,84,84,97,98,93,91,106,101,85,85,91,93,100,84,86,86,94,100,114,89,108,86,104,96,92,86,78,84,103,100,113,94
116,93,88,106,83,78,70,87,68,83,81,75,92,91,75,85,59,87,74,95,75,88,67,73,70,72,83,66,94,80,77,64,76,87,86,79,72,92,96,83,87,86,75,100,98,91,82,80,103,88,91,75,83,109,83,79,70,81,71,79,85,79,82,67,88,76,82,72,77,77,88,81,72,65,68,82,77,78,79,86,77,71,62,80,68,75,80,71,78,88,77,77,93,75,84,77,76,77,79,77,89,79,79,87,92,80,73,76,107,78,75
117,69,73,64,65,69,86,71,65,79,73,78,70,70,73,80,69,59,90,77,87,82,75,76,77,84,69,82,67,76,56,56,60,78,60,62,54,62,66,57,64,65,59,61,66,64,53,67,80,71,74,69,79,66,65,63,58,72,93,85,72,78,74,72,75,73,58,69,63,59,69,81,86,71,77,82,83,73,84,80,69,101,100,121,89,87,104,91,78,92,82,97,105,100,95,92,85,84,84,94,76,83,98,84,72,80,86,82,67,78,70
118,96,88,89,97,89,105,96,87,88,83,92,81,80,94,83,82,73,82,101,95,80,98,92,83,81,108,83,75,80,93,79,94,76,97,72,90,92,88,89,77,97,75,111,78,105,98,81,82,84,91,88,105,95,87,95,81,80,109,74,97,96,98,99,85,86,92,77,91,101,94,73,92,81,85,77,86,94,87,85,86,80,95,85,82,79,67,92,91,76,91,91,85,95,88,101,79,86,97,90,104,85,100,95,102,79,98,112,87,93,87
119,102,100,90,103,97,105,97,93,95,104,99,103,106,97,95,98,83,107,99,108,92,88,75,110,112,78,88,97,83,91,80,72,78,85,84,72,92,94,88,93,90,83,104,66,81,82,81,80,94,94,98,102,106,97,92,90,81,89,87,82,90,111,84,97,104,99,90,92,86,95,87,95,102,92,81,91,91,96,96,83,82,81,79,95,72,100,88,80,110,85,93,93,75,80,77,78,99,93,88,91,86,97,79,96,87,96,100,82,94,94
120,97,106,93,100,108,110,97,81,90,112,103,107,91,95,94,86,102,100,99,86,100,91,64,98,87,83,87,90,94,95,92,77,93,93,93,90,89,110,95,90,108,82,94,93,76,93,88,84,87,88,83,107,99,94,103,92,104,117,97,80,89,82,102,98,89,75,86,94,97,87,94,83,85,85,89,79,102,98,90,80,84,89,91,70,89,86,90,90,82,86,81,84,109,95,90,105,89,84,84,100,96,95,83,79,84,96,82,96,99,77
121,75,80,88,85,82,107,85,89,101,102,94,93,94,95,100,107,82,95,90,108,97,101,106,97,92,94,98,80,93,93,101,84,80,89,84,85,84,78,78,89,84,93,88,87,94,96,89,93,96,86,119,102,114,122,121,117,108,131,117,98,105,109,117,108,95,111,98,122,93,90,114,96,105,100,97,81,97,96,91,98,105,92,86,99,100,90,93,71,97,92,80,100,75,80,93,89,92,110,83,95,89,87,84,91,85,77,107,96,102,102
122,87,91,85,81,68,91,88,93,96,90,93,86,89,71,72,101,94,91,76,73,72,90,93,84,85,86,72,67,83,78,75,93,63,76,65,64,90,79,96,79,89,82,86,83,89,93,77,101,87,76,83,107,98,94,84,88,88,88,84,76,76,107,96,96,74,89,93,121,83,93,105,107,109,109,111,99,95,113,87,87,113,90,106,108,99,116,96,76,81,104,93,102,77,101,104,91,89,98,84,93,94,83,88,96,103,96,98,89,93,99
123,95,81,98,90,95,102,97,81,101,93,100,101,111,105,96,85,102,82,86,102,85,96,75,105,88,86,69,79,96,83,102,84,80,79,81,84,87,90,83,86,88,74,90,90,81,83,79,81,72,108,94,76,107,105,97,91,98,92,79,101,120,96,107,108,90,77,92,95,81,107,107,100,88,101,85,86,89,82,88,86,94,89,78,80,88,75,82,88,96,93,86,82,77,96,87,85,87,100,87,85,76,85,83,101,82,86,96,95,83,79
124,103,103,97,103,94,94,103,107,93,107,110,103,112,96,109,84,91,83,125,98,75,105,100,81,116,101,101,110,112,90,95,99,126,108,119,113,119,96,112,106,110,114,109,114,136,117,108,112,92,87,85,105,94,93,102,101,97,103,99,110,112,100,99,106,113,102,116,105,97,94,96,95,77,89,111,96,102,97,95,112,88,90,103,76,100,95,92,118,92,105,96,115,109,95,102,95,106,99,83,79,103,106,113,115,89,98,110,102,109,91
125,90,88,78,93,97,77,83,92,91,96,90,89,89,95,92,83,109,97,84,87,93,100,91,101,86,112,81,95,87,76,92,82,93,94,82,86,79,80,67,81,81,88,83,73,83,91,85,68,90,86,84,81,100,105,86,97,109,97,108,103,111,125,99,115,111,115,110,110,97,99,108,115,105,115,91,93,102,104,96,94,92,105,98,90,86,97,83,100,86,83,83,84,83,92,98,97,81,98,88,90,94,78,77,99,89,79,93,84,84,89
126,96,103,101,105,96,112,96,80,106,108,97,94,101,98,116,79,106,95,91,99,116,106,91,99,96,110,106,98,98,86,93,112,99,113,92,86,92,84,102,101,87,94,78,94,84,91,110,91,105,96,95,81,95,82,99,100,105,107,96,89,78,115,94,98,105,86,92,82,99,98,87,103,83,100,114,94,99,84,104,86,88,103,98,96,112,88,99,101,85,100,79,94,100,89,79,113,107,101,117,94,117,105,82,94,96,96,106,85,89,107
127,82,85,70,63,69,80,89,84,79,85,87,75,82,82,85,75,84,77,86,80,74,72,78,71,85,83,60,74,71,74,58,82,72,64,59,62,84,78,56,58,63,65,78,75,81,74,65,74,74,59,79,61,75,77,67,82,86,70,74,87,80,67,85,66,80,99,79,71,74,70,70,79,89,78,71,90,76,70,88,75,73,74,72,75,78,72,76,76,63,73,79,61,70,66,66,56,77,68,75,74,69,80,73,90,69,84,76,72,85,80
128,91,101,85,99,91,97,95,81,90,85,86,83,85,77,85,93,95,79,90,66,67,86,83,88,76,67,89,85,89,89,73,87,100,88,78,81,63,81,87,89,90,80,95,91,100,108,93,98,95,90,93,92,91,91,72,101,107,73,96,85,89,77,106,75,92,88,81,82,83,72,74,78,73,93,78,77,84,87,77,75,81,81,77,89,87,71,91,94,92,66,88,91,101,89,84,94,83,83,78,115,84,85,93,106,89,80,101,83,101,84
129,104,100,102,101,95,106,95,107,103,104,100,98,87,105,97,82,96,102,106,97,110,89,102,86,96,100,97,96,92,83,82,82,98,89,97,85,81,91,85,110,89,84,91,80,86,98,95,93,87,103,89,68,89,98,85,92,78,116,94,92,93,93,83,100,109,94,101,91,91,113,112,97,95,96,99,119,98,89,87,106,73,82,69,84,76,91,88,92,90,104,74,103,86,83,87,85,83,92,81,97,112,92,81,98,93,86,91,101,87,107
130,99,123,107,115,94,113,98,104,76,95,93,94,87,88,97,96,94,92,106,92,71,112,89,85,84,83,82,91,94,88,91,92,80,106,88,83,101,94,88,94,93,90,89,101,98,107,92,78,98,95,88,100,102,112,85,100,88,90,102,92,110,103,102,86,87,88,73,89,92,91,83,103,93,94,97,83,90,68,93,101,84,92,92,81,89,79,76,103,75,101,103,113,100,100,102,84,101,86,107,72,114,87,101,75,89,95,105,95,96,93
131,93,83,98,90,113,88,107,82,98,91,93,95,90,94,86,97,103,86,73,102,109,94,90,74,78,83,97,79,78,76,71,78,101,85,92,85,78,89,84,87,92,77,82,87,85,77,85,72,83,80,89,72,91,79,96,91,94,105,104,95,86,101,81,97,104,81,105,103,104,98,90,90,96,87,94,104,83,94,97,85,81,105,106,86,77,81,70,91,101,77,86,78,84,69,86,88,79,81,75,77,73,88,82,91,73,83,95,102,91,97
132,95,90,94,87,88,84,90,84,81,66,85,76,82,79,90,95,77,84,69,76,93,68,77,67,79,59,72,74,81,80,76,69,65,70,82,82,66,85,92,70,95,73,85,89,79,108,82,96,85,80,114,80,91,108,76,70,81,89,86,64,82,103,81,75,91,71,82,100,93,93,98,91,99,96,81,92,116,102,92,91,98,105,102,100,112,86,96,104,84,100,96,89,106,93,85,101,89,99,87,81,111,96,83,78,87,86,88,87,96,94
133,94,103,109,89,87,112,95,91,84,82,97,121,86,105,95,107,87,98,88,93,108,74,92,86,95,89,81,101,92,96,90,86,81,76,80,79,84,91,77,86,96,72,73,83,71,95,76,82,75,90,81,105,93,96,107,81,83,89,89,76,98,74,92,85,82,97,91,77,101,92,100,90,99,91,87,76,89,89,89,93,105,99,104,79,82,92,92,107,90,81,72,78,85,88,84,78,64,104,91,94,89,101,97,90,96,98,90,71,93,105
134,104,80,94,85,83,91,91,86,100,73,95,85,77,96,99,92,89,70,100,91,89,74,84,69,70,88,95,95,91,76,82,86,80,62,84,79,103,87,89,91,84,103,76,87,90,105,85,83,82,86,104,92,83,89,96,91,80,80,90,107,84,75,93,85,86,100,96,85,93,83,82,84,81,81,94,84,83,83,84,78,79,80,99,61,83,97,96,75,81,86,80,101,80,71,82,104,82,100,107,84,100,92,86,106,88,75,99,79,66,78
135,77,90,74,66,82,87,75,88,77,85,91,100,87,86,90,78,80,72,88,66,85,82,86,67,86,78,84,88,86,86,81,95,82,76,80,74,71,84,74,65,72,80,85,70,83,72,65,81,71,63,87,77,81,85,96,79,88,84,88,91,107,67,97,103,115,105,102,115,108,102,105,107,116,97,88,94,90,100,92,91,102,88,88,81,95,85,75,91,90,77,86,99,75,79,76,80,66,81,69,76,69,70,75,84,71,81,81,83,93,81
136,91,100,81,89,82,71,90,94,91,96,93,88,71,59,93,103,87,115,81,81,90,96,76,69,72,82,79,75,82,94,91,77,73,80,85,91,82,76,85,83,97,87,58,103,85,100,80,92,118,108,98,116,101,93,91,112,121,89,117,101,112,103,88,94,93,114,110,91,103,104,105,109,85,69,78,93,105,108,93,98,80,85,92,85,93,83,94,85,86,117,101,75,97,93,90,91,72,88,89,93,85,104,96,91,90,80,84,102,83,97
137,78,82,78,80,76,75,84,81,74,73,81,83,87,94,91,79,74,94,89,76,70,90,82,82,70,85,82,78,70,82,82,64,69,82,76,83,65,73,67,91,66,76,102,62,62,63,56,94,67,62,75,82,84,93,74,78,84,67,72,82,88,91,71,91,90,71,92,74,80,93,82,72,72,77,82,91,66,90,94,66,68,70,83,79,77,84,72,95,77,65,63,70,66,70,76,71,84,90,68,83,78,69,81,68,68,78,85,92,86,72
138,101,106,107,94,89,119,114,91,93,95,95,100,93,99,96,97,111,90,106,99,101,92,99,94,90,88,94,104,84,86,111,92,79,98,88,100,101,79,99,109,96,101,92,109,117,89,94,109,88,109,97,115,105,114,109,93,90,112,83,98,118,97,111,107,93,90,99,103,108,83,134,99,105,89,91,104,94,95,83,107,94,117,97,106,115,106,116,106,111,113,106,90,88,104,101,96,111,87,96,90,103,102,88,94,111,97,108,95,117,102
139,81,87,90,85,69,91,76,80,81,89,93,79,81,67,86,89,88,80,65,82,80,83,86,71,69,66,70,79,70,74,71,62,68,61,69,57,74,69,61,63,76,63,69,55,76,83,66,84,80,72,64,57,69,73,68,76,67,76,80,77,65,93,83,79,94,87,79,72,77,68,70,83,72,90,61,83,64,73,71,62,78,69,58,53,62,73,54,68,81,71,63,70,60,69,81,67,75,66,63,51,70,72,74,74,85,68,70,71,72,82
140,74,86,99,88,85,74,83,80,81,76,79,76,65,77,59,75,75,75,79,80,88,65,82,71,72,73,68,73,86,53,68,63,68,77,77,76,70,78,84,75,85,95,77,89,100,72,83,84,81,71,96,87,88,75,91,74,84,68,83,85,92,75,78,87,72,77,87,67,81,78,71,72,87,74,81,71,85,73,71,72,74,88,75,75,76,69,91,90,88,86,82,73,67,86,86,76,77,80,79,70,90,75,78,73,86,73,85,66,74,76
141,70,80,71,76,93,79,82,90,60,93,67,99,108,74,95,99,103,81,84,86,88,77,86,80,87,74,90,71,82,80,91,76,88,75,86,84,69,67,69,85,75,84,76,74,87,74,76,76,78,68,88,86,84,93,84,83,89,68,84,96,73,98,81,82,80,88,87,89,101,93,91,75,82,72,76,87,83,95,81,83,95,83,80,109,113,116,108,108,96,105,111,91,127,127,102,111,94,97,93,87,110,101,102,83,95,105,105,98,97,89
142,90,97,96,101,94,103,79,104,97,96,89,105,98,86,108,100,77,97,113,98,98,83,92,100,95,94,108,84,91,86,79,82,100,101,85,106,98,95,114,112,87,94,86,99,97,96,80,104,104,92,104,105,118,77,93,116,101,98,106,97,82,94,100,81,109,99,106,87,96,77,101,86,94,90,104,119,102,96,105,97,78,92,107,108,88,107,96,92,80,90,96,94,96,106,103,96,74,91,108,106,101,99,101,94,116,107,130,106,88,96
143,65,57,75,68,80,68,84,85,76,67,65,99,83,78,85,68,82,87,84,70,74,67,74,86,73,78,72,75,58,74,72,72,64,65,71,60,75,58,71,80,77,57,72,55,72,76,76,60,75,75,74,77,74,72,70,75,79,67,71,74,66,82,70,59,65,74,71,69,87,81,71,78,59,83,60,77,51,62,66,81,82,71,62,67,69,76,62,74,61,68,59,62,50,64,62,54,69,49,64,77,83,74,64,75,78,57,58,72,64,70
144,105,102,107,109,103,98,114,95,99,102,88,118,116,70,102,75,110,83,95,95,94,100,97,101,88,88,95,86,97,90,86,87,90,101,98,88,85,77,101,92,66,88,99,81,96,91,97,92,72,99,89,89,75,92,113,102,95,89,77,107,99,103,97,100,99,90,95,103,91,84,89,98,105,92,78,101,76,99,95,101,95,88,79,109,85,79,90,96,83,102,84,96,88,97,89,90,88,100,97,87,89,109,108,92,107,86,104,122,106,104
145,107,112,88,96,113,106,95,127,105,120,92,87,96,82,102,97,98,120,95,104,99,94,106,108,111,104,91,94,113,122,106,89,111,118,105,123,116,118,118,98,126,114,120,117,122,122,99,121,105,119,96,124,99,116,104,110,108,100,104,106,113,115,106,112,112,107,116,99,120,99,111,98,98,107,111,105,106,109,109,92,103,87,105,98,76,91,107,100,115,97,93,97,94,94,95,109,110,96,94,105,95,100,110,99,106,100,93,100,99,77
146,99,65,77,83,82,103,67,88,80,90,90,81,82,82,66,81,74,78,51,79,67,75,72,55,75,66,87,78,82,76,86,60,76,61,69,82,73,74,86,77,86,93,73,83,97,75,83,74,82,74,57,83,98,84,82,85,75,68,79,96,81,80,81,96,72,68,61,74,77,78,77,76,59,60,75,75,67,64,74,91,71,88,80,110,97,100,118,119,106,101,115,89,87,101,92,100,90,102,114,100,105,89,99,94,90,98,93,85,92,112
147,77,58,69,72,59,76,73,78,93,82,80,85,100,91,103,103,95,113,113,104,107,92,105,101,102,94,96,102,98,83,83,104,101,86,89,74,82,76,80,76,91,63,77,89,69,62,69,63,82,76,71,76,69,69,82,69,83,69,61,72,70,81,95,84,84,78,80,88,82,71,71,84,70,71,79,86,71,74,76,66,64,80,60,73,77,71,67,66,71,63,69,71,72,73,57,61,64,60,58,65,73,86,67,68,74,74,76,76,79,85
148,90,100,73,79,56,73,80,69,64,80,76,80,78,70,58,81,92,98,74,76,78,73,89,93,61,78,58,65,78,91,77,64,87,84,64,82,86,61,76,83,86,75,74,76,84,75,73,92,70,68,85,107,80,78,75,88,97,77,69,88,81,72,84,83,64,53,74,80,63,72,79,58,64,78,54,65,72,85,96,72,86,92,88,95,107,92,113,90,110,107,107,105,106,113,105,96,107,100,94,93,106,99,79,93,90,76,78,74,87,89
149,88,80,77,91,106,88,94,93,91,97,93,74,86,94,85,100,87,74,83,93,78,77,80,89,83,92,71,91,74,95,90,81,79,55,89,62,78,84,78,86,85,93,64,73,91,64,72,77,79,71,85,80,83,79,87,77,78,89,100,88,104,86,81,93,84,96,88,99,92,93,82,93,82,91,84,77,92,95,96,85,72,78,77,73,71,73,67,78,61,87,78,70,75,81,69,90,70,79,88,71,77,89,88,92,99,81,82,83,91,84
150,52,65,63,58,59,71,60,59,64,61,63,59,57,74,63,57,59,50,48,58,57,59,49,60,62,58,58,42,56,40,59,48,56,61,58,64,63,67,50,62,44,64,50,50,61,56,71,80,67,63,77,62,55,59,68,59,61,75,69,51,52,60,55,64,48,56,40,63,49,61,60,65,57,62,34,62,65,53,74,58,47,44,56,50,60,55,49,55,52,57,60,56,65,58,64,67,53,56,80,62,60,55,45,54,75,51,69,56,53,73
151,72,63,65,59,57,56,58,59,80,58,83,56,80,58,71,71,60,54,63,62,66,57,66,66,61,74,63,63,56,57,60,58,66,63,65,63,84,80,77,76,82,78,98,86,80,69,79,81,81,80,87,102,73,83,83,70,72,76,72,76,86,94,73,64,77,91,57,70,66,76,59,84,77,61,69,57,73,79,53,75,68,62,53,57,50,68,47,56,61,53,66,49,59,57,59,64,74,68,51,58,64,54,49,63,55,62,51,69,65,81
152,74,74,66,81,94,68,67,75,68,93,78,71,85,64,75,92,68,68,88,61,62,68,67,67,61,74,65,51,68,66,71,62,72,66,78,65,79,86,86,78,84,75,82,71,74,85,85,80,78,82,73,69,73,77,74,77,75,63,70,70,75,76,85,74,66,75,69,72,76,63,60,78,63,88,66,67,72,87,70,69,61,68,74,78,73,73,61,58,69,76,81,70,73,73,87,71,85,77,73,71,69,74,65,81,64,74,89,96,72,94
153,73,79,72,66,72,77,74,85,74,83,69,76,74,66,63,60,71,59,77,74,76,78,66,77,69,79,73,69,78,69,76,85,78,85,93,71,84,81,90,89,98,77,87,86,78,98,82,87,92,92,85,65,79,94,74,69,92,82,77,85,75,79,76,80,86,86,63,80,80,89,74,72,80,78,87,68,78,59,73,71,68,79,74,86,69,75,60,59,62,65,66,71,61,67,78,86,77,69,69,69,66,71,64,58,81,54,73,83,68,75
154,66,68,66,63,64,69,48,81,74,66,59,49,66,61,66,76,64,70,63,58,41,49,66,47,55,54,53,45,47,68,59,56,63,55,57,61,62,59,57,49,70,59,53,61,72,67,68,67,58,60,66,64,45,55,65,70,62,69,74,80,53,61,70,66,56,57,55,58,60,71,64,55,54,57,65,63,51,49,61,59,45,57,52,62,60,56,51,45,48,68,78,52,58,70,60,80,61,52,71,64,82,61,50,53,67,78,67,72,76,85
155,62,65,67,79,83,52,71,83,90,83,70,72,72,84,75,82,92,72,85,58,73,83,74,71,88,70,66,72,67,80,66,96,71,61,74,63,74,63,87,74,73,65,74,71,73,66,72,81,68,81,70,88,74,71,88,77,71,77,77,61,93,82,90,81,81,81,69,68,66,64,77,74,78,76,82,80,74,92,69,79,72,76,77,71,63,87,74,85,76,86,78,79,76,93,77,96,96,80,76,100,90,96,71,102,76,81,74,84,80,89
156,69,70,83,69,76,80,59,75,91,77,82,78,61,82,63,74,76,88,66,67,66,68,76,56,72,69,60,75,64,70,57,71,66,53,73,70,90,80,84,75,73,80,65,93,87,77,92,83,81,72,75,75,76,80,67,85,71,65,85,72,77,83,86,76,75,63,60,92,74,72,73,75,75,75,60,66,65,68,62,75,80,75,65,68,69,71,78,84,57,77,86,89,81,68,102,92,81,91,108,90,100,98,104,94,96,97,87,104,88,90
157,67,77,84,79,89,89,93,95,88,73,82,85,87,81,89,87,78,83,86,76,82,70,69,89,89,80,80,83,88,81,63,88,86,68,67,67,86,62,64,65,75,72,76,71,68,76,73,79,67,77,84,76,79,83,78,78,72,80,65,98,97,94,70,72,74,64,68,80,79,70,88,102,77,74,74,78,66,71,73,79,86,70,74,77,70,67,72,91,86,72,79,77,66,73,78,75,73,80,58,72,84,69,74,85,65,90,83,85,73,82
158,88,79,90,95,89,88,91,98,96,63,86,87,82,78,75,84,66,78,76,74,52,54,66,75,68,82,65,81,64,67,66,67,69,70,58,65,74,67,72,70,72,78,77,82,69,74,72,68,68,68,63,69,78,66,61,65,79,81,67,66,80,68,77,73,70,76,72,73,59,61,55,62,87,77,57,58,61,75,65,65,66,55,63,77,62,70,72,69,63,66,55,63,72,82,51,65,74,54,79,81,80,80,65,68,89,75,75,79,78,69
159,73,93,70,87,84,89,83,80,83,90,80,73,70,92,85,82,86,87,76,77,77,84,85,88,64,83,79,76,66,77,102,92,90,89,78,69,77,77,85,70,75,70,79,65,88,76,78,82,66,78,87,76,61,92,78,73,82,79,87,71,83,81,82,85,71,80,85,88,64,85,90,83,72,83,88,76,80,62,77,88,87,74,85,70,73,76,74,72,82,71,79,63,75,71,64,68,73,90,85,69,75,69,74,83,79,54,77,61,79,82
160,68,62,70,59,73,64,68,77,62,57,86,70,77,62,64,51,54,57,51,63,65,64,60,58,65,64,68,60,53,68,57,60,60,54,63,66,62,68,61,80,62,57,62,75,58,69,76,68,56,71,60,75,64,62,64,69,90,65,60,57,50,62,71,49,66,63,66,63,64,54,58,65,52,58,58,66,67,62,50,58,50,68,65,65,72,55,67,57,63,64,59,66,65,69,64,70,49,60,70,66,54,66,72,59,57,62,58,56,62,61
161,69,70,81,75,81,80,66,83,84,79,77,81,61,75,71,80,77,103,92,68,82,71,69,73,63,66,72,64,89,71,89,92,82,72,72,52,77,67,73,75,84,84,84,67,99,71,71,68,88,81,66,82,75,70,67,88,74,85,86,64,74,66,70,80,96,88,61,81,79,88,69,69,60,82,82,80,86,74,69,68,85,86,62,76,78,65,81,69,82,66,78,70,74,74,76,71,74,66,81,68,61,60,76,84,84,90,92,82,60,77
162,73,98,106,80,80,90,76,73,82,77,74,70,85,75,94,66,76,78,59,57,73,87,63,71,78,62,68,68,73,82,86,66,64,68,56,62,62,66,66,56,72,70,60,68,71,85,62,79,70,63,58,89,73,73,82,61,88,80,76,68,78,76,64,58,66,75,73,71,70,59,68,64,71,63,67,66,69,73,67,63,65,68,52,50,83,75,60,65,65,86,84,73,68,68,64,74,97,77,81,83,93,82,89,84,71,83,75,62,59,71
163,81,75,74,56,74,64,76,67,78,76,76,82,81,83,78,85,63,75,85,77,81,73,71,79,85,64,75,78,52,66,76,82,52,58,68,67,74,63,82,57,61,64,68,64,69,65,53,81,79,65,65,71,79,76,69,74,68,78,69,81,84,80,78,56,74,66,69,57,77,71,91,74,78,81,68,66,77,68,70,68,64,70,77,73,65,56,77,67,73,77,68,55,55,67,64,72,68,73,69,62,71,59,71,73,56,64,77,72,70,74
164,64,65,62,62,59,85,59,71,66,73,67,68,78,61,65,65,61,63,58,71,65,58,66,76,64,68,63,56,64,52,55,50,55,67,64,56,69,70,68,55,82,68,67,73,72,68,70,80,67,71,62,65,56,79,70,83,57,79,76,76,82,78,60,71,67,57,72,78,77,75,60,59,66,56,68,56,57,59,61,65,64,61,60,57,52,53,65,57,54,71,71,56,68,67,63,83,58,70,53,73,77,73,66,78,69,60,66,66,61,65
165,80,71,65,64,66,74,67,53,68,66,60,80,52,67,64,62,73,66,58,67,68,66,70,51,62,48,68,75,73,63,50,64,75,57,59,59,52,69,52,63,57,60,56,60,55,63,64,65,71,63,69,61,63,64,55,70,64,68,68,61,68,58,68,59,63,60,53,57,74,59,66,54,69,60,66,56,71,59,73,69,60,63,51,66,60,58,62,67,55,50,54,61,50,51,70,63,50,63,57,51,56,66,57,66,58,65,65,63,74,71
166,83,82,81,77,65,76,65,71,79,57,56,66,76,72,61,71,83,66,69,63,74,74,60,79,54,47,82,59,62,61,65,59,46,62,75,60,75,85,75,72,83,71,69,71,75,70,72,73,83,86,70,79,72,71,82,65,62,73,84,73,71,70,71,71,61,75,62,75,63,71,67,83,69,62,56,74,60,61,57,62,54,77,72,71,81,82,77,70,50,75,82,77,82,69,90,62,60,70,66,73,74,93,74,82,85,80,95,89,94,81
167,79,73,87,84,79,87,81,76,70,70,74,85,78,82,77,83,65,82,63,78,78,70,71,65,74,62,66,63,65,72,60,72,84,66,67,79,58,69,66,61,56,64,76,51,62,63,79,68,74,69,69,80,66,99,95,74,74,82,81,60,71,57,74,64,79,66,61,91,64,71,58,70,64,68,68,62,64,62,74,77,71,65,78,59,63,91,62,74,79,69,73,79,67,72,73,73,67,59,66,62,68,79,71,68,71,73,74,72,61,60
168,86,76,65,86,59,75,71,58,60,68,71,88,62,71,60,77,66,64,78,74,52,52,71,65,59,47,57,74,64,75,52,66,73,62,65,61,69,65,63,61,72,63,55,63,82,54,64,72,63,76,66,71,83,86,74,83,76,72,67,66,57,68,62,66,75,81,73,55,64,65,60,52,70,57,65,61,63,48,56,51,56,54,64,55,64,67,59,70,81,60,65,57,71,69,69,67,71,86,68,70,60,73,62,62,62,70,57,71,72,63
169,95,82,106,86,88,85,86,82,86,85,84,89,60,81,89,86,78,82,86,90,82,76,77,71,90,74,71,81,86,75,58,75,73,73,73,64,70,72,76,69,70,70,77,73,61,73,63,67,75,87,65,74,59,72,78,80,82,74,84,72,94,80,78,90,76,59,80,84,84,93,83,83,70,58,73,85,56,70,79,72,62,74,73,72,78,54,71,60,80,52,74,69,70,58,60,93,66,81,61,66,64,88,77,60,81,90,75,64,74,71
170,81,96,76,92,85,88,68,69,82,76,81,67,91,73,75,84,100,83,88,80,83,88,76,63,89,82,79,80,72,68,73,90,78,70,76,67,88,73,77,76,75,83,105,81,72,78,103,98,90,80,75,93,79,91,72,89,94,72,87,94,85,75,62,94,79,87,68,71,75,71,77,85,89,85,84,75,72,82,70,79,88,81,76,78,81,74,83,88,79,89,84,94,82,72,78,76,77,70,100,71,84,90,79,89,82,66,90,73,89,74
171,56,64,54,73,63,70,73,82,74,64,76,66,48,58,75,86,71,62,59,77,80,84,68,70,61,58,53,72,59,62,68,47,57,68,66,64,51,64,59,60,59,61,67,58,60,74,73,71,64,68,64,59,75,75,58,67,67,76,62,74,58,68,75,73,86,65,59,80,75,66,64,52,71,60,67,75,64,57,75,83,62,67,74,61,61,59,64,51,64,63,58,62,74,60,69,66,55,66,54,52,71,62,66,62,75,73,62,81,63,91
172,86,78,84,74,72,74,92,85,98,94,78,84,77,81,83,84,83,82,88,75,67,87,88,62,78,80,66,85,71,75,89,83,86,89,61,80,87,75,90,96,65,87,71,68,71,95,83,72,68,74,77,94,76,81,82,74,87,91,64,87,78,93,89,73,91,71,87,75,70,87,83,85,75,92,80,83,69,65,80,83,72,92,81,80,82,76,71,91,83,73,81,74,89,83,82,81,76,86,78,91,83,89,84,83,81,77,78,77,86,101
173,79,73,86,59,72,82,60,59,86,59,74,64,82,74,86,59,71,69,72,76,80,81,73,80,74,65,78,70,75,78,61,63,73,63,60,64,67,60,68,67,54,69,70,61,78,66,68,60,63,75,75,71,83,66,77,70,68,82,78,57,68,67,85,93,67,73,63,74,71,62,60,69,75,67,78,64,74,67,59,63,70,81,64,81,63,74,55,65,70,63,57,65,67,57,51,79,67,53,62,66,77,57,61,75,55,65,76,56,83,58
174,88,83,87,59,87,64,78,82,81,81,79,58,73,71,72,85,91,98,101,99,90,90,95,76,79,85,88,85,71,95,87,79,88,72,96,93,82,97,92,84,86,82,88,75,77,65,90,89,83,79,78,67,85,62,73,50,65,82,75,86,74,87,75,81,63,83,67,56,65,70,83,66,56,70,67,83,63,69,66,73,70,66,69,68,62,66,59,77,73,51,72,72,83,84,76,64,70,83,80,67,74,85,69,64,80,70,85,70,76,70
175,63,68,68,67,94,78,66,97,63,60,84,82,71,73,69,57,59,65,59,63,64,80,77,70,66,59,62,52,65,63,67,67,62,56,54,54,62,61,45,64,55,66,57,59,55,70,58,53,72,55,57,47,58,62,52,69,53,76,71,66,49,78,82,66,74,51,56,65,82,69,70,72,77,59,76,60,55,60,52,68,41,63,64,69,63,60,61,56,51,56,58,61,69,63,59,62,48,57,58,70,61,64,67,67,62,70,66,54,68,92
176,92,75,79,68,72,83,84,79,79,72,67,91,70,67,55,98,53,79,64,63,79,84,66,69,65,63,74,71,73,68,74,73,75,54,78,67,75,74,81,53,74,58,57,73,78,64,61,67,78,75,73,87,75,72,78,69,98,76,74,74,87,84,71,75,68,60,67,73,57,60,74,62,66,72,70,82,75,64,65,56,76,53,82,56,63,58,73,62,74,71,85,72,76,62,78,81,76,64,72,77,74,66,74,76,77,74,64,64,62,68
177,67,69,56,65,57,52,66,62,68,78,71,54,70,74,51,61,61,59,77,65,59,73,68,72,62,51,83,69,58,68,53,55,52,61,64,51,55,55,75,56,66,68,60,61,52,59,56,55,68,61,59,61,58,58,61,71,76,67,57,66,82,53,60,60,62,69,54,68,81,72,70,66,71,63,53,68,69,52,66,66,64,65,75,49,63,48,50,51,60,57,68,56,57,58,62,63,64,56,37,55,38,82,63,69,59,59,61,62,71,60
178,87,80,77,90,69,93,97,87,74,64,80,71,73,81,80,80,73,72,82,74,82,86,70,75,79,62,86,57,90,68,75,65,73,73,62,75,76,90,88,75,75,107,77,85,74,86,73,79,79,89,78,96,72,91,69,69,87,64,74,85,70,84,82,80,71,75,74,77,71,79,71,76,81,65,68,81,70,77,76,72,72,83,69,80,65,93,73,76,83,69,95,89,97,91,85,66,69,76,68,69,94,87,101,73,68,84,76,88,75,77
179,70,93,63,82,71,75,92,75,79,86,88,101,84,100,90,87,99,96,97,90,81,89,94,93,92,81,99,87,88,86,92,100,67,77,84,90,79,85,66,82,91,84,81,89,74,74,87,87,78,77,70,95,93,82,83,89,87,76,90,72,79,72,83,88,78,84,66,86,83,98,80,85,82,89,83,79,78,95,89,79,88,78,77,93,72,79,89,82,78,92,90,60,90,72,82,70,86,78,66,76,83,84,70,71,86,80,98,94,91,95
180,76,87,84,88,76,72,72,65,99,74,82,104,83,74,58,82,85,74,63,75,86,79,83,71,81,76,82,83,76,89,78,87,77,82,86,92,69,82,70,90,88,91,80,95,87,74,82,86,68,91,68,54,90,80,75,81,82,84,84,79,93,75,95,91,82,78,77,96,79,70,82,93,69,75,69,89,91,62,86,92,68,74,72,62,86,82,86,72,78,75,94,76,77,91,86,91,94,65,73,86,88,76,81,89,94,73,92,72,80,81
181,61,68,55,50,63,63,67,64,70,64,62,56,76,80,69,71,66,71,76,57,65,57,60,73,62,63,59,52,62,69,58,49,48,59,47,47,46,51,43,47,43,57,63,59,55,66,53,54,54,57,47,57,62,81,67,56,72,76,59,59,71,62,63,67,74,65,75,57,71,59,54,66,60,64,70,69,81,85,65,68,71,78,76,78,81,84,76,71,71,89,76,82,68,67,76,70,76,69,73,67,55,79,65,66,67,62,76,60,71,63
182,76,74,66,65,70,64,61,60,67,61,60,61,64,55,64,55,52,62,60,54,61,68,44,56,60,49,47,56,60,55,57,71,48,51,71,55,51,47,63,63,65,54,55,61,61,76,63,62,56,81,68,71,59,65,54,76,64,59,56,70,46,55,57,62,60,73,79,63,52,54,41,61,56,69,63,62,64,81,76,63,77,73,93,90,83,72,88,100,80,79,73,81,84,72,81,61,79,80,69,70,80,74,59,67,74,73,73,76,72,66
183,82,58,73,68,65,58,80,78,84,92,88,79,79,69,76,70,58,83,91,68,68,70,73,68,81,54,69,73,65,72,68,67,72,69,79,57,64,68,64,66,77,62,80,68,65,73,66,86,66,75,71,82,78,85,89,59,80,72,70,78,78,69,89,78,79,99,80,94,104,94,85,100,107,76,89,81,73,87,88,78,87,78,82,76,64,85,79,79,79,83,78,67,83,70,78,70,61,71,78,80,56,66,72,66,71,63,83,80,78,73
184,100,85,80,93,65,73,91,87,80,76,74,97,76,73,77,73,72,76,59,73,69,71,54,63,74,65,76,75,62,85,67,72,75,72,82,73,80,70,85,81,82,97,72,88,77,85,69,70,81,90,92,80,82,95,82,87,75,83,73,105,84,87,88,79,77,72,70,93,73,98,104,73,63,82,67,71,69,69,71,66,71,84,71,75,89,65,88,88,72,84,76,67,82,76,92,76,74,79,73,60,79,80,73,77,75,94,85,76,84,76
185,78,87,68,91,81,74,85,87,62,82,66,75,76,59,68,77,85,68,90,77,76,84,62,69,75,85,74,77,79,66,88,59,74,80,67,60,84,82,73,84,66,76,69,88,73,63,73,82,61,88,74,73,81,73,80,85,69,78,93,68,88,82,84,79,77,73,72,80,80,106,86,86,75,98,94,71,79,71,91,84,79,84,63,82,81,65,61,74,77,54,79,78,75,70,75,85,76,66,76,80,75,79,60,81,61,67,83,84,78,87
186,63,66,75,81,75,63,64,57,81,66,66,61,70,70,61,63,56,79,69,71,80,77,60,79,62,61,64,66,74,60,68,71,66,59,64,57,72,70,68,74,62,69,73,89,65,60,77,73,64,69,61,80,76,68,68,80,75,68,75,57,65,71,56,69,79,75,68,69,73,54,74,57,70,68,65,58,69,65,66,71,67,65,51,43,79,65,67,69,75,49,64,73,65,74,62,67,78,64,65,62,71,63,60,82,69,85,72,86,59,75
187,103,101,102,92,88,94,89,73,81,108,85,87,108,94,76,81,89,87,89,83,82,76,94,69,86,70,77,74,74,81,85,86,63,83,74,84,78,73,72,76,77,73,91,63,69,86,71,78,59,78,67,61,84,87,76,70,86,76,81,82,57,94,84,76,81,95,91,79,73,88,94,78,91,76,79,76,79,79,85,69,76,92,78,78,72,67,74,77,87,77,72,79,69,71,74,60,72,81,80,76,68,80,78,66,80,78,73,79,106,86
188,75,69,72,88,86,85,66,73,68,68,69,72,62,72,73,79,73,71,59,71,57,60,82,70,65,55,70,64,70,55,51,69,68,64,66,68,69,62,74,73,66,74,67,77,65,71,92,75,81,82,77,83,70,65,79,83,85,80,73,85,91,71,67,86,78,84,90,98,86,67,94,90,100,82,64,63,76,74,76,91,79,69,84,74,71,79,64,68,78,64,67,59,67,80,67,77,75,72,80,77,87,68,69,70,72,70,68,71,72,68
189,74,75,76,79,81,92,79,88,76,68,88,61,83,72,83,68,88,61,80,83,70,77,87,72,86,92,82,73,78,84,71,71,66,73,81,71,83,82,70,88,69,75,65,78,73,89,70,68,80,67,86,71,84,93,65,79,80,76,67,82,84,87,66,79,86,68,88,83,72,84,80,90,82,96,77,77,66,86,87,88,90,65,70,78,79,73,87,82,62,86,74,73,57,67,75,72,71,77,75,77,89,67,73,75,69,78,78,85,67,65
190,79,69,90,74,78,77,75,63,75,60,51,78,79,65,77,55,60,54,55,72,61,65,50,60,68,56,63,64,62,50,61,70,49,62,66,70,62,65,65,58,53,65,58,65,55,65,70,78,69,66,70,58,73,62,61,61,65,74,61,69,74,60,55,69,76,55,61,51,67,65,53,60,50,64,57,60,58,59,63,53,59,65,61,61,61,68,49,75,64,68,62,68,71,63,64,54,48,62,66,65,66,67,80,60,64,56,67,62,55,54
191,60,58,52,41,57,56,62,59,62,59,69,69,61,56,61,72,64,67,66,64,72,72,61,58,46,74,46,63,61,59,58,44,47,64,50,54,47,67,52,45,46,48,59,50,48,59,58,47,51,57,57,59,52,40,76,47,54,54,65,57,53,64,55,66,69,57,51,48,67,53,64,53,62,70,71,70,70,61,49,59,40,62,53,66,56,45,72,50,47,52,67,43,44,59,65,47,66,73,62,74,84,82,87,79,79,87,98,89,81,66
192,68,78,67,69,71,77,71,77,80,59,71,72,75,67,73,76,58,60,64,61,60,74,63,79,54,52,57,73,66,64,61,66,50,69,54,69,45,61,71,62,77,65,60,78,57,61,69,74,65,62,76,76,66,74,68,60,76,78,69,58,67,74,64,42,65,69,65,61,73,66,60,51,68,49,55,56,70,61,57,60,65,60,57,64,66,59,53,53,64,74,53,66,64,69,62,56,53,63,70,74,62,75,61,59,64,64,73,75,79,70
193,86,89,85,90,86,75,109,84,95,87,103,83,119,88,73,79,83,75,66,67,77,87,76,72,66,84,73,90,69,66,65,90,64,64,82,49,57,64,51,61,79,65,71,66,69,71,75,74,65,71,71,56,61,71,81,65,87,70,74,80,65,72,90,84,75,74,60,71,89,65,74,82,83,67,83,74,73,74,82,49,65,90,76,65,65,67,52,64,60,64,65,65,62,53,79,53,56,70,78,60,55,80,71,82,73,63,59,66,63,65
194,80,81,78,78,89,79,75,84,72,75,81,75,61,66,82,64,68,71,72,72,68,83,59,82,67,64,72,79,73,58,75,77,63,70,58,76,76,66,76,87,80,72,72,72,64,79,70,73,81,85,77,73,78,78,79,68,97,77,62,81,97,103,59,78,77,70,76,70,73,68,56,68,83,62,73,89,76,62,79,59,81,82,71,66,78,70,69,68,57,67,71,64,73,73,77,78,82,64,72,86,72,70,65,84,69,80,93,59,98,103
195,59,44,63,59,63,63,63,56,63,59,60,58,60,63,71,69,60,67,61,70,55,67,49,69,54,52,52,55,68,49,37,51,55,55,45,40,59,49,46,56,47,58,45,56,60,52,49,63,58,45,41,58,56,63,51,49,51,52,69,53,64,55,64,53,53,65,55,56,63,65,66,69,58,57,69,78,72,81,91,84,85,70,71,83,90,72,72,75,81,73,72,78,81,58,45,49,56,72,66,63,73,60,56,58,73,64,48,67,59,49
196,73,77,71,77,73,86,82,68,79,69,72,74,81,72,66,79,54,74,62,57,77,59,61,65,88,55,55,57,72,78,65,73,74,62,75,66,72,74,58,75,65,66,67,60,55,78,82,79,62,85,80,64,96,78,53,77,62,84,65,78,80,71,77,69,68,65,73,60,67,72,65,69,66,43,80,77,63,76,63,57,62,56,66,73,74,54,62,88,65,60,82,68,63,67,57,66,72,78,75,72,62,70,63,72,63,59,72,76,71,74
197,70,62,56,69,77,80,81,76,84,73,60,74,75,70,76,63,67,54,68,56,67,85,69,76,61,69,67,61,77,70,52,60,61,51,67,67,49,57,52,58,72,61,67,61,71,63,64,68,80,69,73,69,59,67,67,73,70,60,68,66,75,66,72,77,68,55,77,81,66,68,63,74,59,61,78,62,63,70,60,62,79,62,73,76,61,69,84,61,67,58,76,60,58,69,63,63,71,60,68,71,80,57,50,80,71,61,76,73,69,67
198,80,79,94,105,70,83,87,85,79,90,83,74,77,84,90,83,84,63,84,71,72,72,88,66,71,77,78,75,79,83,74,72,76,85,71,88,97,82,80,83,87,105,98,99,84,102,97,93,93,91,91,94,104,100,91,89,76,106,76,97,106,79,67,84,76,83,90,103,82,75,69,68,70,83,81,80,76,78,86,79,75,80,86,65,80,87,92,89,67,91,70,69,86,70,88,74,86,88,86,75,70,86,74,80,70,95,83,87,95,77
199,60,68,95,79,71,69,73,70,73,90,59,70,76,81,76,78,75,70,61,71,60,65,64,59,75,73,82,66,64,69,82,58,61,68,72,64,50,73,58,77,66,53,58,62,66,57,54,62,69,60,61,66,75,68,72,62,74,84,81,62,66,80,75,79,58,67,81,83,58,74,70,80,77,71,56,58,57,77,68,60,70,62,59,82,69,71,64,57,66,73,64,65,66,63,75,67,66,55,60,68,76,66,72,55,60,76,81,82,67,63
