content_id,account_id,visite_time,lead_pay_visitor_ids
221223312503,762256650,20230520,
221223312503,762256650,20230519,
18658223234880,62124943680,20230528,
18658223234880,62124943680,20230527,
20129432908200,12125275176,20230530,
20129432908200,12125275176,20230531,
2750278583811,12146361062,20230605,
2750278583811,12146361062,20230604,
19491570747649,11817566915,20230606,
19491570747649,11817566915,20230607,
16651113602880,194838196736,20230614,
16651113602880,194838196736,20230615,
11197016226600,73281037826,20230615,
11197016226600,73281037826,20230616,
26051911540300,249485664400,20230616,
26051911540300,249485664400,20230615,
18112116765352,149700118406612,20230626,
18112116765352,149700118406612,20230627,
9106358640916,64530939336,20230629,
9106358640916,64530939336,20230630,
7054138248534,4522496966,20230706,
7054138248534,4522496966,20230707,
15467499939584,112326258744,20230720,"1118119161,1591648861,1191120681,1115265111"
15467499939584,112326258744,20230719,"1767811661,1363113161"
227048431145,624559329,20230523,
227048431145,624559329,20230524,
18528029191840,182083851600,20230527,"1151924321,110148011,1118139168411"
18528029191840,182083851600,20230526,
21419710980612,87738454104,20230609,
21419710980612,87738454104,20230608,
2835375076567,1956580670,20230612,
2835375076567,1956580670,20230611,
19943705072522,30553836929,20230613,
19943705072522,30553836929,20230612,
16595776114304,182994278464,20230614,
16595776114304,182994278464,20230613,
11159611788177,4092683799,20230614,
11159611788177,4092683799,20230615,
25989801567200,4936229800,20230615,
25989801567200,4936229800,20230614,
17712668516412,114962814704,20230615,
17712668516412,114962814704,20230616,
8863545581434,95296396800,20230616,
8863545581434,95296396800,20230617,
6838996207784,20896362266,20230622,
6838996207784,20896362266,20230621,
14859827591560,45114924904,20230625,
14859827591560,45114924904,20230624,
6683001965175,61094581775,20230628,
6683001965175,61094581775,20230629,
9123262741604,95185755564,20230702,
9123262741604,95185755564,20230701,
14809244801230,14715547550,20230703,
14809244801230,14715547550,20230702,
7572500913292,61779904834984,20230704,
7572500913292,61779904834984,20230705,
21513514857046,182889932602,20230710,
21513514857046,182889932602,20230709,
9577782750725,123332385470,20230714,
9577782750725,123332385470,20230713,
7168791016920,1650266540,20230719,
7168791016920,1650266540,20230718,
26957883897868,46347071808,20230724,
26957883897868,46347071808,20230725,
24015435809256,97101346464,20230728,
24015435809256,97101346464,20230729,
4479705593600,17121381712,20230729,
4479705593600,17121381712,20230730,
23743949237978,14637383743,20230814,
23743949237978,14637383743,20230813,
222245717555,696013449,20230520,
222245717555,696013449,20230521,
18003870955280,235452036960,20230523,
18003870955280,235452036960,20230524,
19561050846624,271396460328,20230527,
19561050846624,271396460328,20230528,
2584525299301,30831187200,20230528,
2584525299301,30831187200,20230529,
19102975554971,160273638140,20230602,
19102975554971,160273638140,20230603,
16313919016320,4000411072,20230608,
16313919016320,4000411072,20230609,
11145123184825,934272954,20230614,
11145123184825,934272954,20230613,
26435484469000,79611508600,20230623,
26435484469000,79611508600,20230622,
18057754459452,3664735832,20230625,
18057754459452,3664735832,20230624,
9044369660716,549445338,20230626,
9044369660716,549445338,20230625,
7066728330688,103262999632,20230707,
7066728330688,103262999632,20230708,
15336862090648,23478492408,20230714,
15336862090648,23478492408,20230713,
6852069101575,41677223200,20230715,
6852069101575,41677223200,20230714,
9400120209540,9297061898,20230720,
9400120209540,9297061898,20230721,
15392618409465,198112152865,20230730,
15392618409465,198112152865,20230729,
7842226980448,50693048616,20230730,
7842226980448,50693048616,20230731,
22206736497966,63751606282,20230801,116698931
22206736497966,63751606282,20230731,
9963905763385,77167832897050,20230809,
9963905763385,77167832897050,20230808,
253578328951,1745589995,20230607,
253578328951,1745589995,20230606,
20737010937680,128731977200,20230613,
20737010937680,128731977200,20230614,
22037517696348,158911764732,20230620,
22037517696348,158911764732,20230619,
2936193554921,37935793665,20230628,
2936193554921,37935793665,20230627,
20638607490655,237626924073,20230701,
20638607490655,237626924073,20230630,
17306998053184,67142736512,20230704,
17306998053184,67142736512,20230703,
11772581000801,17343513790,20230714,
11772581000801,17343513790,20230713,
27696259717100,20402512300,20230723,
27696259717100,20402512300,20230722,
18903883393464,114098277256,20230725,
18903883393464,114098277256,20230724,
9729791677844,22894583808,20230815,
9729791677844,22894583808,20230814,
7441639635170,105000735034,20230815,
7441639635170,105000735034,20230814,
261662485501,706578607,20230618,
261662485501,706578607,20230619,
20996609801520,157981841440,20230620,
20996609801520,157981841440,20230621,
22581269500692,340446415764,20230701,
22581269500692,340446415764,20230702,
2975615502244,823753777,20230705,
2975615502244,823753777,20230704,
21282156848260,286118289534,20230720,
21282156848260,286118289534,20230721,
17777632298304,44337225152,20230724,
17777632298304,44337225152,20230725,
12021523448594,89513296510,20230728,
12021523448594,89513296510,20230729,
27999294649100,58130010600,20230731,
27999294649100,58130010600,20230730,
19165680589484,203451033688,20230804,
19165680589484,203451033688,20230803,
9642176028604,75095709276950,20230807,
9642176028604,75095709276950,20230806,
7385479214594,1114485736,20230807,
7385479214594,1114485736,20230808,
15982122971640,103485417392,20230810,
15982122971640,103485417392,20230811,
7158704630475,17957610675,20230815,
233907357740,658651248,20230527,
233907357740,658651248,20230528,
20218839757440,4216619520,20230607,
20218839757440,4216619520,20230606,
21308675340372,9137880780,20230607,
21308675340372,9137880780,20230608,
2902898296584,339712362,20230622,
2902898296584,339712362,20230623,
20387141112723,194690109075,20230624,
20387141112723,194690109075,20230623,
16989018067200,52862961216,20230624,
16989018067200,52862961216,20230625,
11590624248590,16725142615,20230702,
11590624248590,16725142615,20230703,
27179164022900,198291246800,20230707,
27179164022900,198291246800,20230708,
18528916475080,130685938652,20230710,
18528916475080,130685938652,20230709,
9268832178930,24723108126,20230711,
9268832178930,24723108126,20230710,
7152432963286,54340870506,20230718,
7152432963286,54340870506,20230717,
15470981321600,1259627992,20230719,
15470981321600,1259627992,20230720,
6906877467025,18327660125,20230720,
6906877467025,18327660125,20230719,
9423104788254,74827826668008,20230722,
9423104788254,74827826668008,20230723,
15336974092550,95063575145,20230728,
15336974092550,95063575145,20230727,
7824238035684,4554810568,20230729,
7824238035684,4554810568,20230728,
22175525888729,29353361739,20230730,
22175525888729,29353361739,20230731,
9916029787335,97891113355,20230806,
9916029787335,97891113355,20230807,
7384627259776,57367221516878,20230808,
7384627259776,57367221516878,20230807,
27588144731370,249787792554,20230809,
27588144731370,249787792554,20230808,
24498616786386,65689861342,20230809,
24498616786386,65689861342,20230810,
4564557696720,5708393104,20230810,
4564557696720,5708393104,20230811,
23727907893548,10450389066,20230812,
23727907893548,10450389066,20230813,
204313832967,688054930,20230515,
17661032629840,85918237680,20230520,
17661032629840,85918237680,20230519,
20664386108604,258977274780,20230602,
20664386108604,258977274780,20230601,
2736520497051,9421019498,20230603,
2736520497051,9421019498,20230604,
19458913374747,174906938976,20230605,
19458913374747,174906938976,20230606,
16233246135552,268659278208,20230607,
16233246135552,268659278208,20230606,
10960483719890,107986567489,20230609,
10960483719890,107986567489,20230608,
25826550262700,2132640100,20230611,
25826550262700,2132640100,20230612,
17788349271588,149697663789464,20230618,
17788349271588,149697663789464,20230619,
9167256030784,131161533338,20230702,
9167256030784,131161533338,20230703,
7060062610900,69032384096,20230707,
7060062610900,69032384096,20230708,
15288325184496,148240448048,20230711,
15288325184496,148240448048,20230712,
6852303081375,55198086160150,20230715,
6852303081375,55198086160150,20230714,
9440795386088,2070019110,20230723,
9440795386088,2070019110,20230724,
15343084020550,5194081805,20230728,
15343084020550,5194081805,20230727,
7814090038692,7024094700,20230727,
7814090038692,7024094700,20230728,
200359182025,23302707,20230515,
17699337327600,53947691360,20230521,
17699337327600,53947691360,20230520,
18977097874896,48334620600,20230523,
18977097874896,48334620600,20230524,
2835846677180,11738259423,20230611,
2835846677180,11738259423,20230612,
19973422485324,26441494541,20230614,
19973422485324,26441494541,20230613,
17004984522048,54059253504,20230626,
17004984522048,54059253504,20230625,
11438662516824,5028541088,20230626,
11438662516824,5028541088,20230625,
26765970186700,40266202400,20230629,
26765970186700,40266202400,20230630,
18418247353028,144857750108,20230706,
18418247353028,144857750108,20230707,
9222006295316,1605808610,20230707,
9222006295316,1605808610,20230706,
7100699677656,18501686762,20230711,
7100699677656,18501686762,20230712,
15361988412008,123562653076912,20230715,
15361988412008,123562653076912,20230716,
6897477897500,44521546725,20230719,
6897477897500,44521546725,20230718,
9385174690208,75085391108148,20230720,
9385174690208,75085391108148,20230719,
15264541525365,15236388750,20230724,
15264541525365,15236388750,20230723,
7833873358444,30171868440,20230729,
7833873358444,30171868440,20230730,
218262927851,2024780717,20230516,
218262927851,2024780717,20230517,11902071
17691801127520,328315356480,20230519,
17691801127520,328315356480,20230520,
19330023531588,4958380980,20230525,
19330023531588,4958380980,20230526,
2540589706138,30481709423,20230526,
2540589706138,30481709423,20230527,
17850809075946,12990205921,20230527,
17850809075946,12990205921,20230528,
14986166084928,49925229632,20230527,
14986166084928,49925229632,20230528,
11187163408786,75658262855,20230615,
11187163408786,75658262855,20230614,
26203088028200,6611067000,20230619,
26203088028200,6611067000,20230620,
17872341720280,206500935960,20230621,
17872341720280,206500935960,20230620,
8964773446908,30106509482,20230623,
8964773446908,30106509482,20230622,
6866198005836,23946170222,20230622,
6866198005836,23946170222,20230623,
14854042499016,123241036572976,20230624,
14854042499016,123241036572976,20230623,
6655917752450,57295910400,20230626,
6655917752450,57295910400,20230625,
9058450033082,2730835528,20230627,
9058450033082,2730835528,20230626,
14842855672810,6961699745,20230703,
14842855672810,6961699745,20230702,
7563670086280,23102024736,20230703,
7563670086280,23102024736,20230704,
21550964615155,178018050002,20230710,
21550964615155,178018050002,20230711,
9588110492590,147856079175,20230715,
9588110492590,147856079175,20230714,
7316112372972,106898018526,20230801,
7316112372972,106898018526,20230802,
27670364378777,215520765126,20230810,
27670364378777,215520765126,20230811,
228221210319,765054113,20230524,
228221210319,765054113,20230525,
18381911810560,189705621440,20230525,
18381911810560,189705621440,20230526,
21186630219972,3549754404,20230606,
21186630219972,3549754404,20230605,
2812256211633,41731589141,20230610,
2812256211633,41731589141,20230609,
20237420757708,154870513567,20230620,
20237420757708,154870513567,20230621,
16850396454656,46791812864,20230621,
16850396454656,46791812864,20230622,
11642687116887,44893499711,20230706,
11642687116887,44893499711,20230705,1176241011
27177744866300,295488661000,20230708,
27177744866300,295488661000,20230707,
18509901168396,119645624980,20230710,
18509901168396,119645624980,20230709,
9351588878786,78712122892,20230717,
9351588878786,78712122892,20230716,
7196317241750,53531265918,20230721,
7196317241750,53531265918,20230722,1149139811
15668969807288,39208405264,20230730,
15668969807288,39208405264,20230729,
6995594215325,67719147975,20230730,
6995594215325,67719147975,20230729,
9545337654080,30384987400,20230731,
9545337654080,30384987400,20230801,
15731573363935,173734994895,20230813,
15731573363935,173734994895,20230814,
205298816103,1774807577,20230515,
17604602219760,24064051920,20230519,
17604602219760,24064051920,20230518,
19878072309312,184873521386148,20230530,
19878072309312,184873521386148,20230529,
2760275057210,22124359081,20230605,
2760275057210,22124359081,20230604,
19779504580528,165693623942,20230610,
19779504580528,165693623942,20230611,
17267035439296,2380241536,20230702,
17267035439296,2380241536,20230703,
11641240576419,8079585491,20230706,
11641240576419,8079585491,20230705,
27074284654800,399816323200,20230705,
27074284654800,399816323200,20230706,
18481918019400,74532477664,20230708,
18481918019400,74532477664,20230707,
9306077050802,23031635428,20230713,
9306077050802,23031635428,20230714,
7128475079388,15851492644,20230714,
7128475079388,15851492644,20230715,
15728972254240,101910491144,20230801,
15728972254240,101910491144,20230731,
7060614358050,55014414726125,20230805,
7060614358050,55014414726125,20230804,
9702428639582,25142279200,20230810,
9702428639582,25142279200,20230811,
219561008116,572698061,20230518,
219561008116,572698061,20230519,
17660074630560,11151525520,20230520,
17660074630560,11151525520,20230519,
18985587874512,186087731844,20230523,
18985587874512,186087731844,20230524,
2534442017371,29485488164,20230525,
2534442017371,29485488164,20230526,
18880277294494,127583504510,20230602,
18880277294494,127583504510,20230601,
15984196594496,56367008128,20230604,
15984196594496,56367008128,20230603,
10794335010981,5966280100,20230605,
10794335010981,5966280100,20230604,
25428684741800,49059174800,20230608,
25428684741800,49059174800,20230607,
18140291805112,150054196978372,20230627,
18140291805112,150054196978372,20230628,
9148816462284,99494312948,20230701,
9148816462284,99494312948,20230702,
7070968609302,80079744368,20230709,
7070968609302,80079744368,20230708,
15256511972520,968473293032,20230709,
15256511972520,968473293032,20230710,
6846337595825,63183650375,20230713,
6846337595825,63183650375,20230714,
9312494527750,75036631513464,20230714,
9312494527750,75036631513464,20230715,
15136109588875,23427930295,20230718,
15136109588875,23427930295,20230717,
7910430938480,24448365340,20230804,
7910430938480,24448365340,20230805,
220838621991,2417738011,20230520,
220838621991,2417738011,20230519,
17959287466480,235675240800,20230523,
17959287466480,235675240800,20230522,
19370977078068,235966525788,20230527,
19370977078068,235966525788,20230526,
2797957466480,41731589141,20230607,
2797957466480,41731589141,20230608,
20521260532927,5425792218,20230626,
20521260532927,5425792218,20230627,
17136847508480,218759603264,20230630,
17136847508480,218759603264,20230629,
11519406186547,33613115953,20230701,
11519406186547,33613115953,20230630,
27034476139200,257115597700,20230704,
27034476139200,257115597700,20230703,
18670847180556,202776303348,20230716,
18670847180556,202776303348,20230717,
9365592788450,23129088948,20230718,
9365592788450,23129088948,20230717,
7205365957036,21875599200,20230723,
7205365957036,21875599200,20230722,
15973336740312,95146905448,20230810,
15973336740312,95146905448,20230809,
7143273037300,55240362067475,20230812,
7143273037300,55240362067475,20230811,
217752636800,2445738864,20230516,
217752636800,2445738864,20230517,
17668814891520,10351007120,20230519,
17668814891520,10351007120,20230520,
18694988196108,342670482420,20230521,
18694988196108,342670482420,20230522,
2700608093106,275397166,20230601,
2700608093106,275397166,20230602,
19490196277398,1081688685,20230607,
19490196277398,1081688685,20230606,
16603292942912,141209593985280,20230614,
16603292942912,141209593985280,20230615,
11230573625518,110458065632,20230618,
11230573625518,110458065632,20230617,
26738808759200,12064559500,20230629,
26738808759200,12064559500,20230628,
18206353957908,278561015700,20230629,
18206353957908,278561015700,20230630,
9209017086922,35202912452,20230705,
9209017086922,35202912452,20230706,
7049260309676,8369260120,20230706,
7049260309676,8369260120,20230707,
15281240485672,130522845712,20230711,
15281240485672,130522845712,20230712,
6872862139250,16224858150,20230716,
6872862139250,16224858150,20230717,
9440785001332,29806654166,20230724,
9440785001332,29806654166,20230723,
15342860756190,4782288720,20230728,
15342860756190,4782288720,20230727,
7836175878076,49265845580,20230730,118111041
7836175878076,49265845580,20230729,19332851
221637694247,1768894793,20230520,
221637694247,1768894793,20230521,
18470083512160,326352840400,20230527,
18470083512160,326352840400,20230526,
20187607734924,285232114272,20230531,
20187607734924,285232114272,20230601,
2700564174616,30856844414,20230601,
2700564174616,30856844414,20230602,
19642768424510,31743053958,20230608,
19642768424510,31743053958,20230609,
16334312139136,26485551488,20230610,
16334312139136,26485551488,20230609,
11006886531512,104529705598,20230609,
11006886531512,104529705598,20230610,
25833988564200,37466271000,20230612,
25833988564200,37466271000,20230611,
17721410588048,1578488012,20230617,
17721410588048,1578488012,20230616,
9185487092244,31564537466,20230704,
9185487092244,31564537466,20230703,
7167891110458,57412889435538,20230719,
7167891110458,57412889435538,20230718,
15504188074760,58609964504,20230722,
15504188074760,58609964504,20230721,
6942923403775,19746946875,20230723,
6942923403775,19746946875,20230724,
9471423887234,3977208888,20230726,
9471423887234,3977208888,20230727,
15332810483265,91674296560,20230727,
15332810483265,91674296560,20230726,
7814624907936,61304587036,20230729,
7814624907936,61304587036,20230728,
22146356447443,266119051057,20230731,
22146356447443,266119051057,20230730,
9857368470250,9026516870,20230802,
9857368470250,9026516870,20230803,
7356936441062,103995535436,20230806,
7356936441062,103995535436,20230805,
27650424278509,25485119430,20230809,"158147501,1020833711,10715511,11861661,1901904101,118887351,127367341,1149113511"
27650424278509,25485119430,20230810,"102772121,1808117171,151116111,1165854671,1486101911,103460461,1150614881,1135401661,1981555741"
24577554703746,57568007238,20230813,
24577554703746,57568007238,20230812,
221377883549,1060966373,20230520,
221377883549,1060966373,20230521,
17976860447440,2612167040,20230522,
17976860447440,2612167040,20230523,
20075119073940,276953257476,20230531,
20075119073940,276953257476,20230530,
2749689070909,3521073798,20230604,
2749689070909,3521073798,20230603,
19561682236096,167170597671,20230608,
19561682236096,167170597671,20230607,
17104394340864,921191040,20230629,
17104394340864,921191040,20230628,
11642134923658,16315834688,20230706,
11642134923658,16315834688,20230705,
27201392765900,367466816500,20230708,
27201392765900,367466816500,20230709,
18580626458728,247476969056,20230712,
18580626458728,247476969056,20230713,
9488074419050,25247347564,20230727,
9488074419050,25247347564,20230728,
7256525452332,11308966500,20230729,
7256525452332,11308966500,20230728,
15788568898872,117092848656,20230804,
15788568898872,117092848656,20230803,
7063967075450,22724836350,20230805,
7063967075450,22724836350,20230804,
9655504869628,5348918624,20230808,
9655504869628,5348918624,20230807,
15637601470920,105282260820,20230809,
15637601470920,105282260820,20230808,
7992565901628,4657264416,20230812,
7992565901628,4657264416,20230811,
22556516099671,66087638099,20230811,
22556516099671,66087638099,20230812,
212082820465,2802835200,20230516,
212082820465,2802835200,20230515,
17067258694160,1864216560,20230515,
17067258694160,1864216560,20230516,
20046015438456,147797536740,20230530,
20046015438456,147797536740,20230531,
2778277063188,18363015583,20230606,
2778277063188,18363015583,20230605,
19585874089936,150705554461,20230608,
19585874089936,150705554461,20230607,
16381896137984,102299203520,20230610,
16381896137984,102299203520,20230609,
11235851997165,12879896855,20230618,
11235851997165,12879896855,20230617,
26201094022100,241492937700,20230619,
26201094022100,241492937700,20230620,
17857776595668,183763966496,20230620,
17857776595668,183763966496,20230621,
9035189541818,66927605184,20230625,
9035189541818,66927605184,20230626,
7042456708430,72879676480,20230707,
7042456708430,72879676480,20230706,
15283059132768,51543227680,20230712,
15283059132768,51543227680,20230711,
6830897458300,40925757750,20230712,
6830897458300,40925757750,20230713,
9318261795770,10189601066,20230715,
9318261795770,10189601066,20230714,
15086545053030,153698782930,20230715,
15086545053030,153698782930,20230716,
7747344873940,49265845580,20230722,
7747344873940,49265845580,20230721,
21969072441425,58804927272,20230725,
21969072441425,58804927272,20230726,
9744679035420,82322546950,20230726,
9744679035420,82322546950,20230725,
7250553534172,77952636060,20230728,
7250553534172,77952636060,20230727,
27131460640406,211290134667,20230730,
27131460640406,211290134667,20230729,
24235984282780,238387100150,20230802,1484891111
24235984282780,238387100150,20230803,
4515481442912,12503568128,20230805,
4515481442912,12503568128,20230804,
23469975340588,33898196000,20230806,
23469975340588,33898196000,20230805,
7359461792384,18619809156,20230807,
7359461792384,18619809156,20230806,
27781032682048,63542747293,20230815,
209994895873,735752749,20230516,
209994895873,735752749,20230515,
18428157630000,140759558800,20230525,
18428157630000,140759558800,20230526,
19857787250616,140226664452,20230530,
19857787250616,140226664452,20230529,
2611163431899,44873515555,20230531,
2611163431899,44873515555,20230530,
19483862167154,313060519695,20230606,
19483862167154,313060519695,20230607,
16714702565504,149736526912,20230618,
16714702565504,149736526912,20230617,
11308669395446,82736499821,20230621,
11308669395446,82736499821,20230622,
26351534231300,39389698500,20230622,
26351534231300,39389698500,20230621,
18093879187452,9619168276,20230625,
18093879187452,9619168276,20230626,
9061668518880,7112012390,20230628,
9061668518880,7112012390,20230627,
6964021590604,6944101398,20230630,
6964021590604,6944101398,20230701,
15070602289904,123269736407216,20230701,
15070602289904,123269736407216,20230702,
6784419357575,51872231300,20230707,
6784419357575,51872231300,20230708,
9245057753832,54193836886,20230709,
9245057753832,54193836886,20230708,
15003383942140,16826837500,20230711,
15003383942140,16826837500,20230710,
7650161893528,64814089480,20230712,
7650161893528,64814089480,20230713,
21825434145542,174336345970737,20230719,
21825434145542,174336345970737,20230720,
9674295390585,57858609655,20230721,
9674295390585,57858609655,20230720,
7227953091060,277917614,20230724,
7227953091060,277917614,20230725,
27408444910877,271069644740,20230805,
27408444910877,271069644740,20230804,
24470126488376,160186918568,20230808,
24470126488376,160186918568,20230809,
4567233389696,42051020096,20230811,
4567233389696,42051020096,20230812,
23708490681486,11782510929,20230812,
23708490681486,11782510929,20230811,
7441207884942,57216822159224,20230815,
7441207884942,57216822159224,20230814,
27763682438518,197294672415,20230815,146118581
27763682438518,197294672415,20230814,
27191757573265,209913375856405,20230815,
27191757573265,209913375856405,20230814,
10591176014245,90012000786,20230815,
225532079079,3511914568,20230523,
225532079079,3511914568,20230524,
18409728973040,140759558800,20230525,
18409728973040,140759558800,20230526,
19876820225220,191529392124,20230529,
19876820225220,191529392124,20230530,
2766210336362,3920168186,20230606,
2766210336362,3920168186,20230605,
19466058649884,142841098015,20230607,
19466058649884,142841098015,20230606,
16626168408832,6236256640,20230615,
16626168408832,6236256640,20230614,
11232665230658,7510739609,20230618,
11232665230658,7510739609,20230617,
27657860442800,84041158900,20230720,
27657860442800,84041158900,20230721,
18818340896944,137661859888,20230721,
18818340896944,137661859888,20230722,
9437219617546,22996652930,20230724,
9437219617546,22996652930,20230723,
7244367741598,9133734428,20230726,
7244367741598,9133734428,20230727,
15743610465128,197802503864,20230801,
15743610465128,197802503864,20230802,
7131082691025,2762599175,20230810,
7131082691025,2762599175,20230811,
9715489687528,74820343646326,20230813,
9715489687528,74820343646326,20230812,
15725081628850,7807687965,20230813,
15725081628850,7807687965,20230814,
8013389667472,61868547089188,20230814,
8013389667472,61868547089188,20230815,
22627106591462,37932741831,20230815,
218370275086,2486091569,20230518,
218370275086,2486091569,20230517,
17558571039200,66432890000,20230519,
17558571039200,66432890000,20230518,
20070104015976,94840847136,20230531,
20070104015976,94840847136,20230530,
2756411396134,22901430123,20230605,
2756411396134,22901430123,20230604,
19624329675489,14710730496,20230608,
19624329675489,14710730496,20230609,
16444938010112,164273758592,20230611,
16444938010112,164273758592,20230610,
11126804389454,2708949819,20230613,
11126804389454,2708949819,20230612,
26115208341300,280283520000,20230617,
26115208341300,280283520000,20230618,
17929313072144,149688165571768,20230623,
17929313072144,149688165571768,20230622,
9014790093876,23315186622,20230623,
9014790093876,23315186622,20230624,
6926525026538,58840292472,20230627,
6926525026538,58840292472,20230626,
14948862566568,968428595680,20230628,
14948862566568,968428595680,20230627,
6757359954325,74514228925,20230703,
6757359954325,74514228925,20230704,
9271566333470,95547487650,20230711,
9271566333470,95547487650,20230710,
15009521332080,3487993520,20230711,
15009521332080,3487993520,20230712,
7665134805468,20501583004,20230714,
7665134805468,20501583004,20230713,
21871622360513,264770194471,20230722,
21871622360513,264770194471,20230721,
9706923135105,16723170240,20230722,
9706923135105,16723170240,20230723,
7220298546656,9018737832,20230724,
7220298546656,9018737832,20230723,
27222622840130,7126221982,20230731,
27222622840130,7126221982,20230730,
205481923970,737313293,20230515,
18148435670560,302574159200,20230524,
18148435670560,302574159200,20230523,
19393936894080,76933505880,20230526,
19393936894080,76933505880,20230527,
2607421842817,7428757325,20230530,
2607421842817,7428757325,20230529,
19580319328416,169931546411165,20230607,
19580319328416,169931546411165,20230608,
17528263613696,155319490368,20230714,
17528263613696,155319490368,20230715,
11796243595028,15891558418,20230716,
11796243595028,15891558418,20230715,
28414473267900,78755794700,20230808,
28414473267900,78755794700,20230807,
220465510982,912774791,20230518,
220465510982,912774791,20230519,
17676209325920,9259433440,20230520,
17676209325920,9259433440,20230519,
19334446697076,59282754384,20230525,
19334446697076,59282754384,20230526,
2635871569716,44873515555,20230530,
2635871569716,44873515555,20230531,
18527097555736,56926216886,20230601,
18527097555736,56926216886,20230531,
15557858640128,22800657984,20230531,
15557858640128,22800657984,20230601,
10464975773703,94338018888,20230531,
10464975773703,94338018888,20230601,
24683761198300,175949448500,20230601,
24683761198300,175949448500,20230602,
17096882916088,35329869404,20230606,
17096882916088,35329869404,20230605,
8787699391608,142654995610,20230612,
8787699391608,142654995610,20230613,
6820738057900,10654967856,20230619,
6820738057900,10654967856,20230620,
14865482576952,207497027248,20230625,
14865482576952,207497027248,20230624,
6662757999800,82586572825,20230626,
6662757999800,82586572825,20230627,
9088279104842,17358379584,20230628,
9088279104842,17358379584,20230629,
14752720592500,98669283295,20230630,
14752720592500,98669283295,20230701,
7578120008256,63147552636,20230705,
7578120008256,63147552636,20230706,
21472369118065,308281614522,20230708,
21472369118065,308281614522,20230709,
9539718433945,77290839479910,20230710,
9539718433945,77290839479910,20230711,
7279493806364,27147075254,20230729,
7279493806364,27147075254,20230730,
27417072933128,153525155902,20230806,
27417072933128,153525155902,20230805,
24409611525244,90142080952,20230807,
24409611525244,90142080952,20230806,
4577535775040,997004224,20230813,
4577535775040,997004224,20230814,
23770143037247,183250384707805,20230815,
218931665087,115995776,20230518,
218931665087,115995776,20230517,
17644909167040,62547655840,20230519,
17644909167040,62547655840,20230520,
18661909840056,140226664452,20230520,
18661909840056,140226664452,20230521,
2456126510585,2978685655,20230522,
2456126510585,2978685655,20230521,
19341337594502,2953658092,20230605,
19341337594502,2953658092,20230604,
16345516144576,44080907392,20230610,
16345516144576,44080907392,20230609,
11451046506418,121705884329,20230626,
11451046506418,121705884329,20230625,
26735167603100,299471480900,20230629,
26735167603100,299471480900,20230628,
18193533511744,209565035476,20230629,
18193533511744,209565035476,20230630,
9122872877408,75068568937940,20230701,
9122872877408,75068568937940,20230702,
6990611744766,3471284102,20230701,
6990611744766,3471284102,20230702,
15136056689432,119658879648,20230704,
15136056689432,119658879648,20230703,
6760985701200,4289502025,20230705,
6760985701200,4289502025,20230704,
9196100741548,22234555340,20230705,
9196100741548,22234555340,20230704,
14881991967480,50700560460,20230704,
14881991967480,50700560460,20230705,
7638426163060,76982155264,20230710,
7638426163060,76982155264,20230711,
21701052420636,208786704246,20230716,
21701052420636,208786704246,20230717,
9621875817400,36491507220,20230717,"175852511,1160755111,1110621811,1110555166901,1007896151"
9621875817400,36491507220,20230716,"189181601,1908461681,1110171148651,1116751514191,1181938261,1730203481,114619071"
7163925485886,19603410632,20230718,
7163925485886,19603410632,20230717,
26770885062115,280660835572,20230719,
26770885062115,280660835572,20230720,
23769688667598,331706534178,20230721,
23769688667598,331706534178,20230720,
4428291687904,35223943596400,20230721,
4428291687904,35223943596400,20230722,
23020320912000,6756128620,20230723,
23020320912000,6756128620,20230722,
219039307580,134592144,20230517,
219039307580,134592144,20230518,
18884782237440,133549204240,20230529,
18884782237440,133549204240,20230530,
21103215598584,140226664452,20230605,
21103215598584,140226664452,20230604,
2862450845111,41731589141,20230615,
2862450845111,41731589141,20230616,
20039498609669,169449176975771,20230615,
20039498609669,169449176975771,20230616,
16797366235648,155603284160,20230621,
16797366235648,155603284160,20230620,
11476637578534,107077068813,20230628,
11476637578534,107077068813,20230627,1074906601
26777062700300,332102763900,20230630,
26777062700300,332102763900,20230629,
18214126038716,70683515960,20230630,
18214126038716,70683515960,20230701,
9196992380668,63682064192,20230705,
9196992380668,63682064192,20230704,
7067776422746,64991699474,20230709,
7067776422746,64991699474,20230708,
15368085078248,134121152424,20230715,
15368085078248,134121152424,20230716,
6887239380125,55013427778175,20230718,11017141
6887239380125,55013427778175,20230717,
9374835778414,23956495676,20230719,
9374835778414,23956495676,20230718,
15329198968490,155746222665,20230726,
15329198968490,155746222665,20230727,
7854324347128,70126010668,20230731,
7854324347128,70126010668,20230730,
22273650157695,1109239,20230804,
22273650157695,1109239,20230803,
10026928138465,23418802435,20230815,
240134977833,2204177871674,20230601,
240134977833,2204177871674,20230531,
19840857492560,280703647440,20230602,
19840857492560,280703647440,20230603,
21122529489180,255089391480,20230605,
21122529489180,255089391480,20230606,
2767619047787,36520658350,20230605,
2767619047787,36520658350,20230606,
19507208071659,147564457194,20230607,
19507208071659,147564457194,20230606,
16638698378624,48096826752,20230615,
16638698378624,48096826752,20230614,
11283659356487,94634183582849,20230620,
11283659356487,94634183582849,20230621,
26423795316300,58114933000,20230622,
26423795316300,58114933000,20230623,
18218519280104,3422567704,20230630,
18218519280104,3422567704,20230701,
9138183656122,102862361040,20230701,
9138183656122,102862361040,20230702,
7039711678376,57369138944624,20230706,
7039711678376,57369138944624,20230705,
15382942992424,154675696896,20230716,
15382942992424,154675696896,20230717,
6872432425750,2870765800,20230716,
6872432425750,2870765800,20230717,
9380118543748,83557926278,20230718,
9380118543748,83557926278,20230719,
15289205089290,56694143000,20230725,
15289205089290,56694143000,20230724,
7891807674240,54253170104,20230804,
7891807674240,54253170104,20230803,
22273938301347,71490131072,20230804,
22273938301347,71490131072,20230803,
9926533776600,99875065605,20230807,
9926533776600,99875065605,20230806,
7404883296590,57216099353946,20230809,1046114621
7404883296590,57216099353946,20230808,
205159889685,3831714507,20230515,
17820429430960,69826650560,20230521,
17820429430960,69826650560,20230522,
19773081175764,54199119324,20230529,
19773081175764,54199119324,20230528,
2595252323004,18363015583,20230529,
2595252323004,18363015583,20230528,
18201547727209,128541109081,20230530,
18201547727209,128541109081,20230529,
15813213760576,141066971501952,20230602,
15813213760576,141066971501952,20230603,
10801325622289,11015916730,20230605,
10801325622289,11015916730,20230604,
25892341754600,265052521300,20230612,
25892341754600,265052521300,20230613,
17641018816468,257977096508,20230615,
17641018816468,257977096508,20230614,
8881835157302,116216039234,20230618,
8881835157302,116216039234,20230617,
6825380458026,70368581504,20230621,
6825380458026,70368581504,20230620,
15151814219528,89660625656,20230704,
15151814219528,89660625656,20230705,
6808379707775,20171490800,20230710,
6808379707775,20171490800,20230709,1017915611
9331899197436,22210961788,20230715,
9331899197436,22210961788,20230716,
15145147099940,174160265730,20230717,
15145147099940,174160265730,20230718,
7748052707024,11360630596,20230722,
7748052707024,11360630596,20230721,
21914514450584,6446817436,20230723,1024513751
21914514450584,6446817436,20230722,
9730238266315,93345270900,20230725,
9730238266315,93345270900,20230726,
7308112618196,376929046,20230801,
7308112618196,376929046,20230731,
218621818436,658651248,20230518,
218621818436,658651248,20230517,
17707265458480,176053823776000,20230521,
17707265458480,176053823776000,20230520,
18747440086788,66349201548,20230522,
18747440086788,66349201548,20230521,
2465054639894,19354439335,20230522,
2465054639894,19354439335,20230523,
17261979500227,158247752124,20230522,
17261979500227,158247752124,20230523,
15118274525568,23526014912,20230530,
15118274525568,23526014912,20230529,
10818749760950,127470547405,20230606,
10818749760950,127470547405,20230605,
25476887469200,246156855500,20230608,
25476887469200,246156855500,20230607,
17369938791800,2984676604,20230609,
17369938791800,2984676604,20230610,
9171640187644,25756784524,20230702,
9171640187644,25756784524,20230703,
7088032122834,20654637120,20230711,
7088032122834,20654637120,20230710,
15484320857824,43015433104,20230720,
15484320857824,43015433104,20230721,
6921173660675,3969015600,20230721,
6921173660675,3969015600,20230722,
9416259490156,35836146574,20230722,
9416259490156,35836146574,20230723,
15304577821005,184804229335,20230726,
15304577821005,184804229335,20230725,
7815708886692,18846709924,20230729,
7815708886692,18846709924,20230728,
22458841491990,35746320609,20230808,
22458841491990,35746320609,20230809,
208326738705,1809324014,20230516,
208326738705,1809324014,20230515,
17843989157600,4601118160,20230522,
17843989157600,4601118160,20230521,
19158453301764,151851568428,20230524,
19158453301764,151851568428,20230523,
2551433054544,19354439335,20230528,
2551433054544,19354439335,20230527,
18610554496688,28915917646,20230601,
18610554496688,28915917646,20230531,
15945803239616,70073237952,20230604,
15945803239616,70073237952,20230603,
11206165287365,77877280048,20230616,
11206165287365,77877280048,20230617,
26148468178700,70958773900,20230618,
26148468178700,70958773900,20230619,
17904693436592,112934557352,20230622,
17904693436592,112934557352,20230621,
9366932867782,73051581960,20230717,
9366932867782,73051581960,20230718,
7301831630808,68471258570,20230731,
7301831630808,68471258570,20230801,
15760935934408,123659660162192,20230801,
15760935934408,123659660162192,20230802,
7067188672375,3516011325,20230805,
7067188672375,3516011325,20230806,
9614467552892,70948348556,20230805,
9614467552892,70948348556,20230806,
208544870908,824221468,20230516,
208544870908,824221468,20230515,
17139942771760,234321764560,20230516,
17139942771760,234321764560,20230515,
19557362837460,26747853636,20230527,
19557362837460,26747853636,20230528,
2580596668903,28050489885,20230529,
2580596668903,28050489885,20230528,
18404836158093,160214664918,20230530,1180710661
18404836158093,160214664918,20230531,
16436334281152,58443347520,20230611,
16436334281152,58443347520,20230610,
11260224850213,110930042103,20230618,
11260224850213,110930042103,20230619,
26668663686700,249247541300,20230627,111311531
26668663686700,249247541300,20230628,
18183700634768,34989744080,20230629,
18183700634768,34989744080,20230628,
9094789508788,8055076782,20230629,
9094789508788,8055076782,20230630,
6962268119430,57214380890394,20230629,
6962268119430,57214380890394,20230630,
15005593483104,38366816488,20230701,129104791
15005593483104,38366816488,20230630,1354813341
6795872186175,17552070675,20230708,
6795872186175,17552070675,20230709,
9267079027614,817250588,20230710,
9267079027614,817250588,20230709,
15034752327760,3570688715,20230713,
15034752327760,3570688715,20230712,
7683749071180,82090597680,20230716,
7683749071180,82090597680,20230715,
21816567267939,145652290125,20230720,1108495991
21816567267939,145652290125,20230719,
9669926359590,105614953290,20230720,
9669926359590,105614953290,20230721,
7190003801734,23696651446,20230720,
7190003801734,23696651446,20230721,
27343968719295,203782408581,20230804,
27343968719295,203782408581,20230803,
24300356529522,248501431322,20230806,
24300356529522,248501431322,20230805,
4577786986400,11512917296,20230813,
4577786986400,11512917296,20230814,
229750220229,4079410505,20230526,
229750220229,4079410505,20230525,
19009374255200,176329280723920,20230530,
19009374255200,176329280723920,20230531,
21784317805068,262344151020,20230614,
21784317805068,262344151020,20230613,
2940781570848,27308479077,20230628,
2940781570848,27308479077,20230629,
21273387149707,2510799445,20230720,
21273387149707,2510799445,20230719,
229833966220,662084145,20230525,
229833966220,662084145,20230526,
19703581590720,206780646800,20230601,
19703581590720,206780646800,20230602,
21124836787656,184866777231612,20230606,
21124836787656,184866777231612,20230605,
2806894359973,26762531169,20230609,
2806894359973,26762531169,20230610,
19961538770096,257752971784,20230613,
19961538770096,257752971784,20230614,
16693753907584,48514932864,20230616,
16693753907584,48514932864,20230617,
11417672794384,92919159670,20230625,
11417672794384,92919159670,20230624,
27158713145600,2349164800,20230708,
27158713145600,2349164800,20230707,
18523604479708,140241152860,20230710,
18523604479708,140241152860,20230709,
9267334550874,587973756928,20230710,
9267334550874,587973756928,20230711,
7139212761330,585523042,20230716,
7139212761330,585523042,20230717,
15508842368880,124506089624,20230723,
15508842368880,124506089624,20230722,
7045895728800,52831874525,20230804,
7045895728800,52831874525,20230803,
9595912263692,85217903858,20230805,
9595912263692,85217903858,20230804,
15620472205525,115748680245,20230808,
15620472205525,115748680245,20230807,
7986449852276,21013686820,20230810,
7986449852276,21013686820,20230809,
22557213608446,33869033813,20230811,
22557213608446,33869033813,20230812,
10014697503615,27377657790,20230814,
10014697503615,27377657790,20230815,
7443985723070,82536249614,20230815,
219290826646,2361295670,20230517,
219290826646,2361295670,20230518,
19701681032640,32994092320,20230601,
19701681032640,32994092320,20230602,
20746764601668,279494158104,20230602,
20746764601668,279494158104,20230601,
2729670096461,28961609743,20230602,
2729670096461,28961609743,20230603,
19646717615217,275589469232,20230610,
19646717615217,275589469232,20230609,
16476408953856,138946990272,20230611,
16476408953856,138946990272,20230612,
11597287488944,94897041815901,20230703,
11597287488944,94897041815901,20230702,
27136582555000,175949448500,20230708,
27136582555000,175949448500,20230707,
18483409111296,111052949616,20230709,
18483409111296,111052949616,20230708,
9359002150930,9245601436,20230718,
9359002150930,9245601436,20230717,
7196909909514,101097571666,20230722,
7196909909514,101097571666,20230721,
15600055242408,98235435424,20230727,
15600055242408,98235435424,20230726,
6993827763925,10423445925,20230730,
6993827763925,10423445925,20230729,
9544977027742,59822812490,20230801,
9544977027742,59822812490,20230731,
15503467774025,26279267520,20230803,
15503467774025,26279267520,20230804,
7949488548680,81090561888,20230808,
7949488548680,81090561888,20230807,
22578285491667,17953801095,20230812,
22578285491667,17953801095,20230813,
204540027598,322529871,20230515,
17941274641840,5494722560,20230523,
17941274641840,5494722560,20230522,
19913074811532,140226664452,20230529,
19913074811532,140226664452,20230530,
2849326288149,22218759420,20230612,
2849326288149,22218759420,20230613,
20053456929506,2482022312,20230615,
20053456929506,2482022312,20230616,
16747535203136,175728117568,20230619,
16747535203136,175728117568,20230618,
11261880621371,81050038574,20230619,
11261880621371,81050038574,20230620,
27233892219300,34061769400,20230709,
27233892219300,34061769400,20230710,
18607254913016,203947151896,20230714,
18607254913016,203947151896,20230713,
9372527397782,34179711828,20230719,
9372527397782,34179711828,20230718,
7242716351078,57403734968710,20230726,
7242716351078,57403734968710,20230727,
15799733916848,105578293240,20230804,
15799733916848,105578293240,20230805,
7082792496825,71208717875,20230806,
7082792496825,71208717875,20230807,
9709326296728,65045518116,20230811,
9709326296728,65045518116,20230812,
15716844242935,121524694950175,20230812,
15716844242935,121524694950175,20230813,
8013878434352,53957319920,20230815,
8013878434352,53957319920,20230814,
222187023832,804719868,20230520,
222187023832,804719868,20230521,
17784651698800,309794021600,20230521,
17784651698800,309794021600,20230522,
18772749553572,227185761600,20230522,
18772749553572,227185761600,20230521,
2564418312643,24208038250132,20230527,
2564418312643,24208038250132,20230528,
19170678792804,274904687519,20230603,
19170678792804,274904687519,20230604,
16483983665280,146521650368,20230611,
16483983665280,146521650368,20230612,
11119366612804,48776993025,20230613,
11119366612804,48776993025,20230612,
26049645172900,108427805000,20230615,
26049645172900,108427805000,20230616,
18062420910016,28102107856,20230625,
18062420910016,28102107856,20230624,
9153276691628,1543268126,20230701,
9153276691628,1543268126,20230702,
7053347349984,90543786216,20230707,
7053347349984,90543786216,20230706,
15446665951472,62711498248,20230719,
15446665951472,62711498248,20230718,
6903034560050,13443626425,20230719,
6903034560050,13443626425,20230720,
9476440594578,13441562312,20230726,1115703011
9476440594578,13441562312,20230727,
15379885998455,21040543150,20230729,
15379885998455,21040543150,20230728,
217688871571,1759494485,20230516,
217688871571,1759494485,20230517,
17575625293920,20157239520,20230518,
17575625293920,20157239520,20230519,
19707910783512,265352321640,20230529,
19707910783512,265352321640,20230528,
2825485659953,22769142407,20230610,
2825485659953,22769142407,20230611,
19949501709676,273489214845,20230614,
19949501709676,273489214845,20230613,
16827729019520,169243325312,20230622,
16827729019520,169243325312,20230621,
11343307683773,79080059880,20230623,
11343307683773,79080059880,20230622,
26627534152600,365127765000,20230625,
26627534152600,365127765000,20230626,
18173133798364,225332580492,20230629,1035540091
18173133798364,225332580492,20230628,
9087239919934,80567367912,20230629,
9087239919934,80567367912,20230628,
7013514799616,21373132222,20230703,
7013514799616,21373132222,20230702,
15152886543592,233280295864,20230705,
15152886543592,233280295864,20230706,
6784485201825,55853764900,20230708,
6784485201825,55853764900,20230707,
9269548112714,5605643036,20230711,
9269548112714,5605643036,20230710,
15031513044680,121451998466645,20230713,
15031513044680,121451998466645,20230712,
7959882226800,45920908488,20230808,
7959882226800,45920908488,20230807,
22573002149180,174553652746615,20230812,
22573002149180,174553652746615,20230813,
10003862167215,12870336745,20230813,
10003862167215,12870336745,20230812,
7441020623556,48752941510,20230814,
7441020623556,48752941510,20230815,
27770015485001,202103682446,20230815,
217310156072,2281922646,20230516,
217310156072,2281922646,20230517,
17615694678160,6147045920,20230518,
17615694678160,6147045920,20230519,
18610958106132,16033349808,20230521,
18610958106132,16033349808,20230520,
2680696402329,42871742672,20230601,
2680696402329,42871742672,20230531,
18775209403258,46482232258,20230601,
18775209403258,46482232258,20230531,
15909169640384,202859196736,20230604,
15909169640384,202859196736,20230603,
11018809696986,163132575733,20230611,
11018809696986,163132575733,20230610,
25835576111300,79961438700,20230612,
25835576111300,79961438700,20230613,
17887338938720,69620912328,20230621,
17887338938720,69620912328,20230622,
8988122945004,109091353514,20230623,
8988122945004,109091353514,20230622,
6970842433360,65588299166,20230701,
6970842433360,65588299166,20230630,
15130010477176,227994341512,20230704,
15130010477176,227994341512,20230703,
6782117810400,9891927075,20230707,
6782117810400,9891927075,20230706,
9322634679284,27684553414,20230716,
9322634679284,27684553414,20230715,
15305177278930,40513439120,20230726,
15305177278930,40513439120,20230725,
7887944690556,61821716702452,20230803,
7887944690556,61821716702452,20230802,
22501988048645,76865376392,20230809,
22501988048645,76865376392,20230808,
206080868837,816700934,20230516,
206080868837,816700934,20230515,
17883285558960,43774063280,20230522,
17883285558960,43774063280,20230523,
19183260426036,240681234612,20230525,
19183260426036,240681234612,20230524,
2829689295609,12104078910,20230612,
2829689295609,12104078910,20230611,
19814344386760,23226184289,20230612,
19814344386760,23226184289,20230611,
16660154129408,43611428480,20230616,
16660154129408,43611428480,20230615,
11275799415254,76825681938,20230619,
11275799415254,76825681938,20230620,
26853588630800,284217529100,20230701,
26853588630800,284217529100,20230702,
18395738977736,5137121200,20230704,
18395738977736,5137121200,20230705,
9209381997804,61422081914,20230707,
9209381997804,61422081914,20230706,
7255664144508,57406757503160,20230728,
7255664144508,57406757503160,20230727,
15761009525184,204443432984,20230801,1248816811
15761009525184,204443432984,20230802,
7040204571025,55104338124650,20230801,
7040204571025,55104338124650,20230802,
9717313446712,24164204124,20230813,
9717313446712,24164204124,20230812,
217571513090,364363955,20230516,
217571513090,364363955,20230517,
17634212549200,24463853440,20230518,
17634212549200,24463853440,20230519,
19430169998652,295716344532,20230527,
19430169998652,295716344532,20230526,
2592841012058,981785024,20230528,
2592841012058,981785024,20230529,
18770762767141,37038340416,20230531,
18770762767141,37038340416,20230601,
16307680518464,242801973184,20230608,
16307680518464,242801973184,20230609,
10969177786346,2578108516,20230609,
10969177786346,2578108516,20230608,
25538464468300,88076752000,20230609,
25538464468300,88076752000,20230610,
17380196672788,55206813404,20230609,
17380196672788,55206813404,20230610,
8736974547930,91668453694,20230610,
8736974547930,91668453694,20230611,
6724735644484,99283502318,20230613,
6724735644484,99283502318,20230612,
14589882583752,106271555208,20230615,
14589882583752,106271555208,20230616,
6559071429700,41081112900,20230620,
6559071429700,41081112900,20230621,
8999007630884,2413366852,20230624,
8999007630884,2413366852,20230623,
14570233486105,143893264240,20230623,
14570233486105,143893264240,20230624,
7428183638848,27106658964,20230624,
7428183638848,27106658964,20230625,
21053735052492,144373136503,20230627,
21053735052492,144373136503,20230626,
9336836269285,82443788945,20230628,
9336836269285,82443788945,20230627,
7098223777840,28316816996,20230711,
7098223777840,28316816996,20230712,
26907076097536,221296917052,20230722,
26907076097536,221296917052,20230723,
23857531397252,1923465336,20230723,
23857531397252,1923465336,20230724,
4471765666736,54202868000,20230728,
4471765666736,54202868000,20230729,
23204125420616,146038042255,20230729,
23204125420616,146038042255,20230728,
7277606448892,100722319204,20230730,
7277606448892,100722319204,20230729,
27631423303335,198087099850,20230808,
27631423303335,198087099850,20230809,
27148547308430,59039357495,20230812,
27148547308430,59039357495,20230813,
220156878695,385546654,20230518,
220156878695,385546654,20230519,
18004390202880,52349196640,20230523,
18004390202880,52349196640,20230524,
20069973140280,214203740940,20230530,
20069973140280,214203740940,20230531,
2679896036642,3808759240,20230531,
2679896036642,3808759240,20230601,
19557851308149,212717416296,20230608,
19557851308149,212717416296,20230607,
16593128287488,2152221184,20230614,
16593128287488,2152221184,20230613,
11301863011016,94882403116233,20230620,
11301863011016,94882403116233,20230621,
27756802951700,370525822000,20230723,
27756802951700,370525822000,20230724,
18891153248172,5921766740,20230725,
18891153248172,5921766740,20230724,
9463755774618,34484659392,20230726,
9463755774618,34484659392,20230725,
7419893832494,598174252,20230811,
7419893832494,598174252,20230810,
219803840576,109175764,20230519,
219803840576,109175764,20230518,
17662350281600,4288822320,20230520,
17662350281600,4288822320,20230519,
18687893498064,66034540824,20230522,
18687893498064,66034540824,20230521,
2532209047654,7716616468,20230525,
2532209047654,7716616468,20230526,
18471229836059,169716932696773,20230530,
18471229836059,169716932696773,20230531,
16032870376384,140894229088576,20230604,
16032870376384,140894229088576,20230605,
10774468940418,17601161921,20230604,
10774468940418,17601161921,20230605,
26193586760900,1729336778000,20230619,
26193586760900,1729336778000,20230620,
17997230715644,182098950252,20230622,
17997230715644,182098950252,20230623,
9000757355476,99459501844,20230623,
9000757355476,99459501844,20230624,
7068085066926,74347568204,20230708,
7068085066926,74347568204,20230709,
15529563788088,166106269672,20230722,
15529563788088,166106269672,20230723,
7101112371300,62976815325,20230808,
7101112371300,62976815325,20230807,
221685083272,778942767,20230520,
221685083272,778942767,20230521,
18274427391120,140759558800,20230525,
18274427391120,140759558800,20230524,
19695318357372,217946281476,20230528,
19695318357372,217946281476,20230529,
2747520782688,11622362631,20230603,
2747520782688,11622362631,20230604,
20609840239758,8774470859,20230630,
20609840239758,8774470859,20230629,
17543404096320,141300074942464,20230714,
17543404096320,141300074942464,20230715,131100501
11849339787639,94922279226992,20230719,
11849339787639,94922279226992,20230718,
27604146555700,88144665600,20230719,
27604146555700,88144665600,20230720,
18897454198620,26906288416,20230725,
18897454198620,26906288416,20230724,
9449901610916,2747923520,20230725,
9449901610916,2747923520,20230724,
7254467196054,57415723996306,20230728,
7254467196054,57415723996306,20230727,
15735819492792,90805131200,20230801,
15735819492792,90805131200,20230731,
7039527839750,26263561100,20230802,
7039527839750,26263561100,20230801,
9575109387832,22810882166,20230801,
9575109387832,22810882166,20230802,
15547205930245,159271742465,20230806,
15547205930245,159271742465,20230805,
8022558462660,48907471312,20230815,
216220353594,113302944,20230517,
216220353594,113302944,20230516,
18255130614720,161043822400,20230524,
18255130614720,161043822400,20230523,
19219809128184,137915365728,20230525,
19219809128184,137915365728,20230524,
2517596550601,44629202145,20230524,
2517596550601,44629202145,20230525,
18205266697002,128541109081,20230530,
18205266697002,128541109081,20230529,
16286670690176,8216949504,20230607,
16286670690176,8216949504,20230608,
11111317964738,142841458942,20230612,
11111317964738,142841458942,20230613,
26083655370300,175949448500,20230616,
26083655370300,175949448500,20230617,
17785654532432,214860003852,20230618,
17785654532432,214860003852,20230619,
8914473620094,35616943406,20230619,
8914473620094,35616943406,20230620,
6822137459748,75017125924,20230620,
6822137459748,75017125924,20230621,
14732239987528,185891231232,20230622,
14732239987528,185891231232,20230621,
6943746775800,1716178875,20230724,
6943746775800,1716178875,20230725,
9526543792422,54817746814,20230730,
9526543792422,54817746814,20230731,"129001111,1018078111"
15514311496035,7735224915,20230805,
15514311496035,7735224915,20230804,
7980205464392,55259578052,20230809,1101774553011
7980205464392,55259578052,20230810,"1786158911,1106754876611"
22560828009968,83710089415,20230812,
22560828009968,83710089415,20230811,
214277466989,815470013,20230517,
214277466989,815470013,20230516,
17431676162480,200396479440,20230517,
17431676162480,200396479440,20230516,
18431361838680,76121241336,20230518,
18431361838680,76121241336,20230517,
2868679530673,37480517767,20230617,
2868679530673,37480517767,20230616,
20399444653665,53622683653,20230623,
20399444653665,53622683653,20230624,
17043549888960,172114573568,20230625,
17043549888960,172114573568,20230626,
11458379165526,4240563766,20230626,
11458379165526,4240563766,20230627,
26916539768800,36158953100,20230701,
26916539768800,36158953100,20230702,
18625837707944,72831408908,20230715,
18625837707944,72831408908,20230714,
9378037742966,26473707674,20230719,
9378037742966,26473707674,20230718,
7214745661656,42634205588,20230724,
7214745661656,42634205588,20230723,
15545717504128,21315197064,20230724,
15545717504128,21315197064,20230723,
7016284133625,1566338575,20230731,
7016284133625,1566338575,20230730,
9575776178016,62029240892,20230803,
9575776178016,62029240892,20230802,
15544907655530,42225220565,20230806,
15544907655530,42225220565,20230805,
7928376349628,61368168960,20230806,
7928376349628,61368168960,20230807,
22546079881854,3552713266,20230811,171319771
22546079881854,3552713266,20230810,"1069178131,1791383731,1687636501"
228882011601,1759494485,20230525,
228882011601,1759494485,20230524,
18443046150720,55932242720,20230526,
18443046150720,55932242720,20230525,
21400677639432,220883037060,20230608,
21400677639432,220883037060,20230609,
2830658811860,30676980455,20230611,
2830658811860,30676980455,20230612,
19899053641313,144426417058,20230612,
19899053641313,144426417058,20230613,
16700954900096,24829877312,20230617,
16700954900096,24829877312,20230616,
11223168465658,94633321653697,20230618,
11223168465658,94633321653697,20230617,1111471801
26112669438200,316166607500,20230617,
26112669438200,316166607500,20230618,
17902303734012,219733280020,20230621,
17902303734012,219733280020,20230622,
9003935354720,28032055718,20230623,
9003935354720,28032055718,20230624,
6924104041166,17786452606,20230626,
6924104041166,17786452606,20230627,
15324555674680,130128681592,20230713,
15324555674680,130128681592,20230714,
6842927711975,74444640325,20230714,1117163338471
6842927711975,74444640325,20230713,
9308017260972,6757850812,20230714,
9308017260972,6757850812,20230713,
15623243268765,208657945705,20230807,
15623243268765,208657945705,20230808,
7986895259868,51742708696,20230810,
7986895259868,51742708696,20230811,
22588004357963,174375806276160,20230813,1101150009541
22588004357963,174375806276160,20230814,"1783065861,1114448914111"
204410114673,2131752550,20230515,
16458366020000,126325875040,20230516,
16458366020000,126325875040,20230515,
18699560295024,9673506360,20230522,
18699560295024,9673506360,20230521,
2461774730921,18363015583,20230522,
2461774730921,18363015583,20230523,
17644084113425,7839815137,20230525,
17644084113425,7839815137,20230524,
14827698001856,145667081280,20230526,"1401770411,1419601811,1106613343441"
14827698001856,145667081280,20230527,
10066369067374,175414651715,20230527,
10066369067374,175414651715,20230528,
23606124772600,72895039200,20230530,
23606124772600,72895039200,20230529,
16767306778480,119645624980,20230602,
16767306778480,119645624980,20230601,
8449051993310,4414605118,20230603,
8449051993310,4414605118,20230602,
6475245816910,4598159956,20230604,
6475245816910,4598159956,20230603,
14513746251256,99706696320,20230613,
14513746251256,99706696320,20230614,
6534773283000,106027962400,20230618,
6534773283000,106027962400,20230617,
8903560805708,9730192080,20230619,
8903560805708,9730192080,20230620,
14609995856500,149620386410,20230624,
14609995856500,149620386410,20230625,
7471292445456,309080576,20230628,
7471292445456,309080576,20230627,
21569462381257,23105305775,20230711,
21569462381257,23105305775,20230712,
9670141472495,25889351775,20230721,
9670141472495,25889351775,20230720,
7310157365134,80888254746,20230802,
7310157365134,80888254746,20230801,
27309503361205,74399848362,20230802,
27309503361205,74399848362,20230801,
24231287924948,170384460932,20230802,
24231287924948,170384460932,20230803,
4508712861408,3183611760,20230803,
4508712861408,3183611760,20230802,
23735815020767,2708401137,20230814,
23735815020767,2708401137,20230813,
218832807761,846302669,20230518,
218832807761,846302669,20230517,
18370732705680,4664410400,20230524,
18370732705680,4664410400,20230525,
20504153690580,55747841184,20230602,
20504153690580,55747841184,20230601,
2728021749596,1525129661,20230602,
2728021749596,1525129661,20230603,
19129221401752,171280397442,20230603,
19129221401752,171280397442,20230602,
16384810080128,47639434752,20230611,
16384810080128,47639434752,20230610,
11040635711634,94661039717717,20230610,
11040635711634,94661039717717,20230611,
26157815124200,67856421900,20230618,
26157815124200,67856421900,20230619,
18237710301372,3695041120,20230701,
18237710301372,3695041120,20230630,
9253325138514,85714147866,20230710,
9253325138514,85714147866,20230709,
7129917432768,72971060422,20230715,
7129917432768,72971060422,20230716,
15432035085096,186410177856,20230719,
15432035085096,186410177856,20230718,
6966712152500,3508719600,20230726,
6966712152500,3508719600,20230727,
9498662726760,130751659972,20230728,
9498662726760,130751659972,20230729,
15451197291585,121381443631910,20230731,
15451197291585,121381443631910,20230801,
7918835433628,48575326576,20230806,
7918835433628,48575326576,20230805,
22509531278957,20091610694,20230809,
22509531278957,20091610694,20230810,
9987794185285,62311824680,20230811,
9987794185285,62311824680,20230810,
7427976860226,57426130623550,20230811,
7427976860226,57426130623550,20230812,
27758309705130,46575645033,20230814,
27758309705130,46575645033,20230815,
207619839493,2188906313,20230515,
207619839493,2188906313,20230516,
18828775445280,176066012561200,20230529,
18828775445280,176066012561200,20230528,
19775061920460,217284536868,20230529,
19775061920460,217284536868,20230528,
2745778234573,28959551995,20230603,
2745778234573,28959551995,20230604,
19467440444914,5114528265,20230606,
19467440444914,5114528265,20230607,
16300385992128,128723543744,20230607,
16300385992128,128723543744,20230608,
11049389516829,115915663042,20230610,1118521381
11049389516829,115915663042,20230611,
25906953431900,220072285071700,20230614,
25906953431900,220072285071700,20230613,
17721228643508,44720091880,20230616,
17721228643508,44720091880,20230617,
8872452800828,75521189368,20230618,
8872452800828,75521189368,20230617,
6809431912998,78041634242,20230619,
6809431912998,78041634242,20230620,
14873192121200,23011967832,20230624,
14873192121200,23011967832,20230625,
6673175695600,45683041900,20230628,
6673175695600,45683041900,20230627,
9184956698296,25879701154,20230703,
9184956698296,25879701154,20230704,
14881531230280,121033693691460,20230704,
14881531230280,121033693691460,20230705,
7583853062296,81749047184,20230705,
7583853062296,81749047184,20230706,
21483350572157,164980807192,20230709,
21483350572157,164980807192,20230708,
9570898537655,57249674755,20230713,
9570898537655,57249674755,20230712,
7241817181066,107965936312,20230726,
7241817181066,107965936312,20230727,
27357713368841,205297958115,20230804,
27357713368841,205297958115,20230805,
24483303265616,146715547984,20230808,
24483303265616,146715547984,20230809,
4566910225360,4606754432,20230810,
4566910225360,4606754432,20230811,
23739755473738,222102466141,20230814,
23739755473738,222102466141,20230813,
7438721930146,68564356562,20230813,
7438721930146,68564356562,20230814,
222121520811,1759494485,20230520,
222121520811,1759494485,20230521,
17964050889360,58203137760,20230522,
17964050889360,58203137760,20230523,
19081292276508,140226664452,20230524,
19081292276508,140226664452,20230523,
2527167721408,3036292358,20230525,
2527167721408,3036292358,20230524,
17824181002089,44650451230,20230526,
17824181002089,44650451230,20230527,
16184025973952,180120559168,20230606,
16184025973952,180120559168,20230607,
10967929857933,44777293673,20230608,
10967929857933,44777293673,20230609,
26019883356700,2584543900,20230614,
26019883356700,2584543900,20230615,
18141403817884,1701777588,20230628,
18141403817884,1701777588,20230627,
9099025311544,103250467980,20230629,
9099025311544,103250467980,20230630,
7036960368048,45915080094,20230705,
7036960368048,45915080094,20230706,
15169870977296,179893303520,20230707,
15169870977296,179893303520,20230706,
6865629789300,21809249325,20230717,
6865629789300,21809249325,20230716,
9546118220470,90475991686,20230801,
9546118220470,90475991686,20230731,
15508101293795,123436908265,20230805,
15508101293795,123436908265,20230804,
7944874718060,1436334200,20230807,
7944874718060,1436334200,20230806,
22532399593343,133907496716,20230809,
22532399593343,133907496716,20230810,
10019688947870,29194484760,20230815,
220200958526,2709542275,20230519,
220200958526,2709542275,20230518,
19850447778080,271215191200,20230603,
19850447778080,271215191200,20230602,
22233879629136,79074271164,20230624,"1101411344151,1197478731"
22233879629136,79074271164,20230623,
3003253532851,24272937273794,20230712,
3003253532851,24272937273794,20230711,
21025005111264,271868089339,20230712,
21025005111264,271868089339,20230711,
17482653924608,148096952832,20230712,
17482653924608,148096952832,20230713,
11746382418966,94625463465918,20230713,
11746382418966,94625463465918,20230712,
27808340887300,232466861100,20230726,
27808340887300,232466861100,20230725,
18964081292560,10497932140,20230727,
18964081292560,10497932140,20230728,
9584653714560,72722902056,20230804,
9584653714560,72722902056,20230803,
218581392087,1759494485,20230518,
218581392087,1759494485,20230517,
19808239007280,196413196240,20230603,
19808239007280,196413196240,20230602,
20877343308864,139022714544,20230603,
20877343308864,139022714544,20230604,
2758678148193,7641075728,20230605,
2758678148193,7641075728,20230604,
19374571849633,292121123987,20230606,
19374571849633,292121123987,20230605,
16414984962816,5657031552,20230610,
16414984962816,5657031552,20230611,
11384118471600,4362021609,20230623,
11384118471600,4362021609,20230624,
26597206992800,379378083100,20230625,
26597206992800,379378083100,20230626,
18245240909760,125165799020,20230701,
18245240909760,125165799020,20230630,
9223738935486,12135582770,20230707,
9223738935486,12135582770,20230706,
7055900271524,1214731336,20230707,
7055900271524,1214731336,20230708,
15274622360872,49105645064,20230711,
15274622360872,49105645064,20230710,
6883040961925,21793784550,20230717,
6883040961925,21793784550,20230718,
9397130529802,63592763974,20230720,
9397130529802,63592763974,20230721,
15311725954800,38469764520,20230726,
15311725954800,38469764520,20230725,
7812803220124,3503597440,20230727,
7812803220124,3503597440,20230728,
22122088082891,30287095524,20230730,
22122088082891,30287095524,20230731,
9866171105910,386367590,20230803,
9866171105910,386367590,20230804,
7357346562176,679510780,20230806,
7357346562176,679510780,20230805,
27638522577262,167562240466,20230809,
27638522577262,167562240466,20230810,
24529795400278,72521623942,20230809,
24529795400278,72521623942,20230810,
4574034213552,10773921792,20230812,
4574034213552,10773921792,20230813,
211403543854,2452362472,20230515,
211403543854,2452362472,20230516,
17492328200160,57305551440,20230518,
17492328200160,57305551440,20230517,
19447260311556,251027928396,20230527,
19447260311556,251027928396,20230526,
2723819065429,28050489885,20230602,
2723819065429,28050489885,20230603,
20064589031487,181574692761,20230616,
20064589031487,181574692761,20230617,
16736633884864,7475570496,20230618,
16736633884864,7475570496,20230619,
11248100213872,109651915005,20230618,
11248100213872,109651915005,20230619,
26359971214700,265275603400,20230623,
26359971214700,265275603400,20230622,
18110049481508,7293038012,20230626,
18110049481508,7293038012,20230627,
9060344841828,16505691340,20230626,
9060344841828,16505691340,20230627,
7033518076754,88002315570,20230704,
7033518076754,88002315570,20230705,
15251725569808,123573217236952,20230709,
15251725569808,123573217236952,20230710,
6833346957200,57018046100,20230712,
6833346957200,57018046100,20230713,
9461324188560,13850305858,20230726,
9461324188560,13850305858,20230725,
15498237099125,59770356525,20230803,
15498237099125,59770356525,20230802,
7928318405364,50204054516,20230807,
7928318405364,50204054516,20230806,
22426220419044,211462803808,20230807,
22426220419044,211462803808,20230808,
9979349936850,77052551162790,20230810,
9979349936850,77052551162790,20230809,
204499946798,754097080,20230515,
17377541493200,313569186160,20230516,
17377541493200,313569186160,20230517,
18278218982856,147797536740,20230517,
18278218982856,147797536740,20230516,
2460588603121,251549100,20230523,
2460588603121,251549100,20230522,
17617452952330,209771764279,20230525,
17617452952330,209771764279,20230524,
14976901342272,151289656320,20230528,
14976901342272,151289656320,20230527,
10144798281189,124783125622,20230529,
10144798281189,124783125622,20230528,
25766292660800,379378083100,20230611,
25766292660800,379378083100,20230612,
17656406655468,1384847744,20230615,
17656406655468,1384847744,20230614,
8856695281528,6677645934,20230615,
8856695281528,6677645934,20230616,
6897164132950,3935531860,20230624,
6897164132950,3935531860,20230625,
14967402529744,15055026728,20230629,
14967402529744,15055026728,20230628,177632441
6743951079700,71297374875,20230702,
6743951079700,71297374875,20230703,
9250458112314,25637183846,20230709,
9250458112314,25637183846,20230708,
15042124349065,122036784375,20230713,
15042124349065,122036784375,20230712,
7682856013196,20842252704,20230716,
7682856013196,20842252704,20230715,
21998917721391,174486142407549,20230726,
21998917721391,174486142407549,20230725,
9825343728515,31043119730,20230801,
9825343728515,31043119730,20230731,
7315651692310,57220669143118,20230801,
7315651692310,57220669143118,20230802,
27712145052007,372300551940,20230811,
27712145052007,372300551940,20230812,
24604147581950,1476308250,20230813,
24604147581950,1476308250,20230814,
223417561535,828182346,20230521,
223417561535,828182346,20230522,
17997453788960,326352840400,20230522,
17997453788960,326352840400,20230523,
19370404429740,238028379792,20230527,"1211241901,1151547541"
19370404429740,238028379792,20230526,
2805215314286,4751781859,20230608,
2805215314286,4751781859,20230609,
20258539438060,233476105016,20230622,
20258539438060,233476105016,20230621,
17706655659136,227578370240,20230721,
17706655659136,227578370240,20230722,
11986184327304,94779799125215,20230727,
11986184327304,94779799125215,20230726,
28009878622000,279685015000,20230731,
28009878622000,279685015000,20230730,
19155898886112,160876262792,20230803,
19155898886112,160876262792,20230802,
218845040367,1957621671,20230518,
218845040367,1957621671,20230517,
17655516964640,195108127040,20230519,
17655516964640,195108127040,20230520,
21915412865892,154986255480,20230616,
21915412865892,154986255480,20230617,
2880478189226,22877553721,20230618,
2880478189226,22877553721,20230619,
20782124345290,70642606650,20230702,
20782124345290,70642606650,20230703,
17277918432704,2647630400,20230703,
17277918432704,2647630400,20230704,
11611396386515,94930006031195,20230704,
11611396386515,94930006031195,20230703,
27298737146100,239453646200,20230712,
27298737146100,239453646200,20230711,
18630906357904,55564197672,20230715,
18630906357904,55564197672,20230714,
9325797832870,93290162370,20230715,
9325797832870,93290162370,20230716,
7145667283560,27222384748,20230717,
7145667283560,27222384748,20230716,
15407755851376,41142723160,20230718,
15407755851376,41142723160,20230717,
7041788512575,25895586225,20230802,
7041788512575,25895586225,20230803,
9643586766226,9512252624,20230806,
9643586766226,9512252624,20230807,
15638168625640,121418412427455,20230808,
15638168625640,121418412427455,20230809,
204418265973,759737600,20230515,
22231154494960,191289798800,20230725,
22231154494960,191289798800,20230724,
23663418996252,300710241636,20230803,
